customer_id,Customer_Vintage_Bucket,customer_risk_rating,Avg_Monthly_Txn_Value,KYC_Update_Freq,PEP_HighRisk_Flag,Customer_Segment,Occupation_Type,Txn_Count_1H,Txn_Frequency_Day_vs_Mean,RoundAmt_Repetitiveness_Percent,SameDay_CreditReversal_Count_7D,KYC_Country,KYC_City,Geo_Restriction_Level,Restricted_Geo_Location,Country_Code,Phone_Number,Full_Phone
CUST00000001,Mid,2,257797.8167919717,0,0,Corporate,Student,2,1.0575537547991025,30.928870428575127,1,Iran,Isfahan,High-Risk,1,+98,2252682095,+982252682095
CUST00000002,Mature,1,66051.50379136794,4,0,Retail,Self-Employed,4,1.6451365229078325,32.06856806523014,1,India,Mumbai,Normal,0,+91,9007818476,+919007818476
CUST00000003,Mature,1,309334.3673761182,3,0,Retail,Self-Employed,0,1.7377770300304733,29.348365436084862,0,Singapore,Singapore,Normal,0,+65,83142850,+6583142850
CUST00000004,Mid,2,380608.7298885419,3,0,Retail,Salaried,1,1.390028597057432,18.447352507671972,0,UK,London,Normal,0,+44,4385307175,+444385307175
CUST00000005,New,2,363600.6406101246,0,0,Retail,Self-Employed,4,3.565887351366309,57.184382325128055,2,UK,London,Normal,0,+44,9544997677,+449544997677
CUST00000006,New,1,581114.2458039057,0,0,Retail,Salaried,0,1.721436336621673,59.22641370949977,0,India,Bangalore,Normal,0,+91,8186580109,+918186580109
CUST00000007,New,3,465342.9497589989,0,0,Retail,Self-Employed,0,2.178561790564157,11.11067776713688,0,Singapore,Singapore,Normal,0,+65,52403750,+6552403750
CUST00000008,Mature,2,332123.46832389705,0,0,Retail,Salaried,3,1.4950540859318582,28.37533256480923,0,UAE,Dubai,Normal,0,+971,502977262,+971502977262
CUST00000009,Mature,3,206251.35207430416,0,0,Retail,Salaried,0,0.38989005195327175,17.986128884784147,1,Iran,Isfahan,High-Risk,1,+98,5832464373,+985832464373
CUST00000010,Mature,2,49273.178229246325,7,0,Retail,Self-Employed,1,0.6078981654815933,29.137866419673735,2,UAE,Dubai,Normal,0,+971,395120481,+971395120481
CUST00000011,New,2,323403.61275203864,1,0,Retail,Retired,0,0.29590166515725386,19.15756400113776,0,UAE,Dubai,Normal,0,+971,564175331,+971564175331
CUST00000012,Mature,1,264850.0030389228,0,0,Retail,Salaried,1,2.715545042083087,37.138684872966216,0,Iran,Tehran,High-Risk,1,+98,4624955352,+984624955352
CUST00000013,Mature,3,280525.7930292416,0,0,Retail,Student,2,0.16929444629211637,72.1839647523239,1,Iran,Tehran,High-Risk,1,+98,8631620198,+988631620198
CUST00000014,Mid,2,69628.29365595181,1,0,Retail,Salaried,2,1.017046615182102,26.64596847936061,1,Myanmar,Mandalay,High-Risk,1,+95,575501320,+95575501320
CUST00000015,New,1,83037.62635486104,2,0,Retail,Salaried,1,0.8167653538753684,53.69024418872193,0,Iran,Isfahan,High-Risk,1,+98,9763830900,+989763830900
CUST00000016,New,1,566842.9544122473,1,0,Retail,Salaried,2,0.7954668749684954,47.99493722226591,2,India,Bangalore,Normal,0,+91,6301361768,+916301361768
CUST00000017,Mid,1,212012.4676360647,6,0,Retail,Salaried,3,0.8667158216808893,69.76536802817793,0,Germany,Berlin,Normal,0,+49,75353682210,+4975353682210
CUST00000018,Mid,2,405692.445303783,1,0,Retail,Self-Employed,0,4.081363100044351,9.564117619107463,2,Pakistan,Karachi,Watchlist,1,+92,7026816015,+927026816015
CUST00000019,Mid,3,225367.2422779276,9,0,Retail,Salaried,3,0.08044014879748196,8.933540606334862,0,Pakistan,Lahore,Watchlist,1,+92,4471065771,+924471065771
CUST00000020,Mid,1,225659.05332527938,5,1,Retail,Salaried,1,3.233235332074811,29.400259064297725,0,UAE,Abu Dhabi,Normal,0,+971,775861786,+971775861786
CUST00000021,Mature,1,511168.9421352926,0,0,Retail,Retired,4,0.9407604417754393,38.02278459137173,1,Singapore,Singapore,Normal,0,+65,58338737,+6558338737
CUST00000022,New,1,138076.02863979584,7,0,Retail,Salaried,5,2.363198387158086,46.69265471340992,0,UK,London,Normal,0,+44,8769576431,+448769576431
CUST00000023,Mid,3,239547.9056080828,0,0,Retail,Self-Employed,1,1.2550023057959498,20.643094738900565,1,Germany,Berlin,Normal,0,+49,47833416453,+4947833416453
CUST00000024,Mid,2,144922.1876065838,4,0,Retail,Salaried,1,0.3368752629541316,6.527527456301091,0,UK,London,Normal,0,+44,9745208823,+449745208823
CUST00000025,Mid,2,148591.08189672188,0,0,Retail,Self-Employed,4,3.471883202335486,87.15325820889366,0,Singapore,Singapore,Normal,0,+65,66125703,+6566125703
CUST00000026,Mature,1,166332.66846917104,5,0,Retail,Salaried,1,3.0731061100130526,28.83676549930523,1,India,Mumbai,Normal,0,+91,8017581288,+918017581288
CUST00000027,New,1,268315.92623926356,5,0,Retail,Salaried,1,0.369321821719344,65.62804336872239,1,Pakistan,Lahore,Watchlist,1,+92,6524169757,+926524169757
CUST00000028,Mid,1,142789.42057056888,4,0,Retail,Salaried,3,1.935314313569939,19.628957702508668,0,USA,San Francisco,Normal,0,+1,3269065763,+13269065763
CUST00000029,Mid,1,680226.0939662281,3,0,Retail,Salaried,2,0.6384608459253558,35.31804140357656,0,UK,London,Normal,0,+44,4238814031,+444238814031
CUST00000030,New,2,98209.02830039714,0,0,Retail,Salaried,0,0.18068486115383578,14.625118372773999,0,Myanmar,Yangon,High-Risk,1,+95,934344426,+95934344426
CUST00000031,Mature,2,185686.5879144899,0,0,Retail,Self-Employed,1,0.5114226879306545,80.17723210152761,0,Pakistan,Lahore,Watchlist,1,+92,4122732943,+924122732943
CUST00000032,New,3,147892.6641724929,1,0,Retail,Student,2,3.3190248277603,26.95367369594555,2,Germany,Munich,Normal,0,+49,27674360576,+4927674360576
CUST00000033,New,3,807969.909359738,0,0,Retail,Student,1,2.4095049281286633,11.551069084293877,0,Iran,Isfahan,High-Risk,1,+98,3654301692,+983654301692
CUST00000034,Mature,1,262209.5569836325,2,0,Retail,Self-Employed,4,0.8768344546200154,71.54163859193058,0,India,Delhi,Normal,0,+91,6775418010,+916775418010
CUST00000035,Mature,2,556075.9060136474,0,0,Retail,Salaried,3,3.3309893164835347,28.874845928829785,1,Myanmar,Yangon,High-Risk,1,+95,533447252,+95533447252
CUST00000036,Mature,3,57699.031327291064,8,0,Retail,Salaried,0,2.8939277626418813,70.87084264690165,0,Germany,Munich,Normal,0,+49,61708693258,+4961708693258
CUST00000037,Mid,2,279384.77688029845,2,0,Retail,Salaried,2,0.5123367108334251,57.764009964091464,0,Pakistan,Lahore,Watchlist,1,+92,8839481140,+928839481140
CUST00000038,New,1,489268.9983391141,4,0,Retail,Salaried,4,3.9605277771180565,48.232085818834264,0,UK,Manchester,Normal,0,+44,9491816756,+449491816756
CUST00000039,Mature,1,236583.28712406452,0,0,Retail,Self-Employed,2,0.8086519007419525,53.08535582502921,0,USA,San Francisco,Normal,0,+1,4036005324,+14036005324
CUST00000040,Mid,1,573166.9632073962,5,0,Retail,Self-Employed,1,0.9236660941885245,27.18572586319868,0,UAE,Abu Dhabi,Normal,0,+971,299924948,+971299924948
CUST00000041,New,3,137921.55974777485,6,0,Retail,Salaried,2,0.08443290026951669,27.099391203169574,0,Pakistan,Lahore,Watchlist,1,+92,4930940599,+924930940599
CUST00000042,Mid,2,781064.2534395449,1,0,Retail,Salaried,2,0.6257182765247,41.576519353957224,1,Myanmar,Mandalay,High-Risk,1,+95,860938087,+95860938087
CUST00000043,New,1,1739326.1242405705,2,0,Retail,Student,2,1.024549867209596,60.45458729799677,0,UK,London,Normal,0,+44,6563565514,+446563565514
CUST00000044,Mature,2,158489.76492429356,3,0,Retail,Self-Employed,1,1.531549135553168,40.53274814677795,0,UK,London,Normal,0,+44,4630556725,+444630556725
CUST00000045,Mid,2,147126.454510941,0,0,Retail,Salaried,0,0.33834066614600306,6.282710114620972,0,USA,San Francisco,Normal,0,+1,3181291804,+13181291804
CUST00000046,Mature,1,812642.0668475239,1,0,Retail,Retired,3,0.5391059081100665,50.69388631897489,0,UAE,Dubai,Normal,0,+971,904777174,+971904777174
CUST00000047,Mid,1,910377.776317905,0,0,Retail,Retired,6,4.025696518005422,33.930945213435834,0,Singapore,Singapore,Normal,0,+65,80654005,+6580654005
CUST00000048,Mid,2,137231.69429298595,0,0,Retail,Salaried,1,2.7467363313118307,41.29113474800719,0,India,Bangalore,Normal,0,+91,7699083419,+917699083419
CUST00000049,Mid,1,150517.0829365712,0,0,Corporate,Salaried,2,3.1502570303254553,36.09330832981846,0,Germany,Berlin,Normal,0,+49,67128153659,+4967128153659
CUST00000050,New,2,170483.50941006,0,0,Retail,Self-Employed,2,1.1073020482374938,34.83142986583076,0,Myanmar,Yangon,High-Risk,1,+95,788930179,+95788930179
CUST00000051,Mature,1,65512.388429603765,0,0,Retail,Retired,2,1.571097858567972,39.702055082756296,0,Myanmar,Mandalay,High-Risk,1,+95,913063788,+95913063788
CUST00000052,Mature,2,96106.59779955859,0,0,Retail,Student,2,1.97094190639809,62.35024044724663,1,Myanmar,Mandalay,High-Risk,1,+95,445597553,+95445597553
CUST00000053,Mature,1,88989.46847074536,8,0,Retail,Salaried,2,3.981834586460234,16.742037017555248,0,Myanmar,Mandalay,High-Risk,1,+95,872627005,+95872627005
CUST00000054,Mature,1,110082.15079037304,1,0,Retail,Salaried,1,0.17492556623846053,32.59859262818034,0,USA,New York,Normal,0,+1,3835405822,+13835405822
CUST00000055,Mid,2,212943.80878181665,8,1,Retail,Self-Employed,4,0.6942938379519568,14.393001053784435,0,UAE,Dubai,Normal,0,+971,713921029,+971713921029
CUST00000056,Mature,1,271249.20671590435,1,0,Corporate,Self-Employed,3,1.4499735841248447,34.7613869703824,0,Pakistan,Karachi,Watchlist,1,+92,9584244464,+929584244464
CUST00000057,New,1,886867.1216017456,0,0,Retail,Salaried,0,1.2621706232140497,41.011420529258515,0,Pakistan,Karachi,Watchlist,1,+92,8841473192,+928841473192
CUST00000058,New,1,89454.1393406931,1,0,Retail,Student,2,0.5315734711274135,19.0265033053136,1,Myanmar,Yangon,High-Risk,1,+95,287777705,+95287777705
CUST00000059,New,2,532794.0115857543,1,0,Retail,Self-Employed,2,1.8328104269776442,46.699364030105535,0,UK,Manchester,Normal,0,+44,5872011651,+445872011651
CUST00000060,Mid,2,181209.67046825448,0,0,Retail,Student,3,0.7232467078085623,48.03039359920665,2,Myanmar,Yangon,High-Risk,1,+95,986303373,+95986303373
CUST00000061,Mid,2,210130.2091897923,2,0,Retail,Student,1,1.1805781158126254,22.486727556061712,0,Iran,Tehran,High-Risk,1,+98,5196352652,+985196352652
CUST00000062,Mid,1,403260.30194421497,0,0,Retail,Self-Employed,2,1.7654718218445427,39.30434452630329,0,Singapore,Singapore,Normal,0,+65,59485361,+6559485361
CUST00000063,Mature,1,79981.46350287557,2,0,Retail,Salaried,0,0.7588691571735904,7.216911387406041,0,UK,London,Normal,0,+44,5433815776,+445433815776
CUST00000064,Mid,1,309950.7743910755,2,0,Retail,Self-Employed,3,2.2512903215673368,19.543605184608907,0,USA,San Francisco,Normal,0,+1,3369551776,+13369551776
CUST00000065,Mid,1,255201.06085303248,0,0,Retail,Salaried,3,2.5892951366283135,28.93630000145628,0,USA,New York,Normal,0,+1,4878851626,+14878851626
CUST00000066,Mid,1,342218.9916575697,0,0,Retail,Self-Employed,2,0.5542410680787101,27.2452916633381,1,USA,San Francisco,Normal,0,+1,2991558844,+12991558844
CUST00000067,New,1,285002.08628351707,3,0,Retail,Salaried,0,0.7179485512026595,10.540285364652375,0,India,Bangalore,Normal,0,+91,6767526770,+916767526770
CUST00000068,Mature,1,2002226.012655843,1,1,Retail,Self-Employed,3,0.4032786982369746,15.071212168161088,0,India,Delhi,Normal,0,+91,9621178225,+919621178225
CUST00000069,New,3,123751.89756522968,0,0,Retail,Salaried,2,1.1566626051488353,31.11481873662693,1,India,Mumbai,Normal,0,+91,8905238202,+918905238202
CUST00000070,Mature,1,136230.3852233275,9,0,Retail,Salaried,4,1.5306485495087283,65.54084915365388,0,Singapore,Singapore,Normal,0,+65,86407979,+6586407979
CUST00000071,Mature,1,125388.66673937227,0,0,Retail,Salaried,1,0.834121560944642,58.85186683233074,0,Pakistan,Karachi,Watchlist,1,+92,5991923034,+925991923034
CUST00000072,New,2,133261.7599283669,2,0,Corporate,Salaried,3,1.4938830279082542,37.82436314956905,0,Iran,Isfahan,High-Risk,1,+98,4915760325,+984915760325
CUST00000073,New,1,123791.20385101164,9,0,Retail,Self-Employed,2,0.698558583185673,51.875586338271304,0,Germany,Munich,Normal,0,+49,28687486476,+4928687486476
CUST00000074,Mature,2,640570.7648615738,0,0,Retail,Self-Employed,4,0.7221887513357876,65.89860610057984,0,Germany,Munich,Normal,0,+49,29086004785,+4929086004785
CUST00000075,Mature,2,788946.5260454583,0,0,Retail,Self-Employed,0,1.5996120269531986,14.303434983163074,0,India,Mumbai,Normal,0,+91,9975534122,+919975534122
CUST00000076,Mature,3,131442.96833177513,0,0,Retail,Salaried,2,0.7720390824540999,71.53252145251618,0,Myanmar,Yangon,High-Risk,1,+95,744545713,+95744545713
CUST00000077,Mature,1,103868.39916626914,0,0,Retail,Salaried,1,1.0998055672393592,58.22079397366129,0,USA,San Francisco,Normal,0,+1,6540821864,+16540821864
CUST00000078,New,3,335800.99971911835,0,0,Retail,Salaried,1,1.6485233074639942,59.97322663716073,1,Iran,Isfahan,High-Risk,1,+98,5530380924,+985530380924
CUST00000079,Mid,1,133652.61135673628,2,0,Retail,Salaried,1,1.4751147944912466,14.819121090659234,0,Myanmar,Yangon,High-Risk,1,+95,885263266,+95885263266
CUST00000080,New,1,388340.82034252124,0,0,Retail,Student,0,0.7088410050619022,28.003485907534554,0,UK,London,Normal,0,+44,5610137295,+445610137295
CUST00000081,Mature,1,263716.7049813126,1,0,Retail,Salaried,1,2.798546507878061,62.253140656241634,0,UAE,Dubai,Normal,0,+971,788385195,+971788385195
CUST00000082,Mature,3,56152.71415085642,9,0,Retail,Salaried,2,1.8987492752805935,40.82134583013979,1,India,Mumbai,Normal,0,+91,7734775306,+917734775306
CUST00000083,Mid,1,884479.558216258,4,0,Retail,Salaried,3,1.450132183650432,42.598952545140165,0,Germany,Berlin,Normal,0,+49,98103490452,+4998103490452
CUST00000084,New,1,1106032.5663414882,2,0,Retail,Salaried,5,0.34086024586988095,65.20758634344199,0,Pakistan,Lahore,Watchlist,1,+92,5653242988,+925653242988
CUST00000085,Mid,2,126562.32816381298,0,0,Retail,Self-Employed,3,1.2901774496306713,31.720581775499156,2,Singapore,Singapore,Normal,0,+65,75331937,+6575331937
CUST00000086,Mid,1,154982.67199286816,2,0,Retail,Self-Employed,2,0.6125013358896055,50.689306592695615,0,UAE,Dubai,Normal,0,+971,691801156,+971691801156
CUST00000087,Mature,1,284156.0538595371,1,0,Retail,Salaried,4,1.7858184264250623,70.82496352771095,0,UAE,Abu Dhabi,Normal,0,+971,628443873,+971628443873
CUST00000088,Mature,1,296858.5705660099,1,0,Corporate,Salaried,3,0.9111130189330005,74.99659484054752,0,Myanmar,Yangon,High-Risk,1,+95,518236977,+95518236977
CUST00000089,Mature,1,397396.51732314395,0,0,Corporate,Salaried,2,0.6766660953894252,22.565171329930717,1,Germany,Berlin,Normal,0,+49,93690555174,+4993690555174
CUST00000090,Mid,1,1341345.9188495635,5,0,Retail,Salaried,1,2.2580360590148025,29.836855768184044,0,Iran,Tehran,High-Risk,1,+98,9413885830,+989413885830
CUST00000091,New,1,187352.5650326894,1,0,Corporate,Salaried,1,0.09031825841432031,55.761719229411646,1,Iran,Tehran,High-Risk,1,+98,3078951582,+983078951582
CUST00000092,Mature,2,107101.52334549362,0,0,Retail,Retired,4,1.216496129965073,77.84477902487727,0,Singapore,Singapore,Normal,0,+65,21416986,+6521416986
CUST00000093,Mature,1,63488.412936334455,0,0,Corporate,Self-Employed,5,1.8796204184273002,20.91341544856452,1,Iran,Isfahan,High-Risk,1,+98,5433979999,+985433979999
CUST00000094,Mid,1,113796.03566145817,1,0,Retail,Self-Employed,1,4.5405795428231945,54.91771946359522,2,Iran,Isfahan,High-Risk,1,+98,3041869758,+983041869758
CUST00000095,Mature,2,213242.59162315968,4,0,Retail,Salaried,3,0.7198319257268505,36.33901416702989,2,Myanmar,Mandalay,High-Risk,1,+95,766870367,+95766870367
CUST00000096,Mid,1,1104719.5691667707,3,0,Retail,Salaried,2,1.5533843684056776,68.44195582734052,0,Singapore,Singapore,Normal,0,+65,82367658,+6582367658
CUST00000097,Mid,2,137881.49052348497,3,0,Retail,Self-Employed,1,0.10164513236444132,23.644403285837253,1,Germany,Munich,Normal,0,+49,26750051701,+4926750051701
CUST00000098,Mid,1,268715.68229247193,0,1,Retail,Self-Employed,2,1.1606711628371698,68.81225769712415,0,UAE,Dubai,Normal,0,+971,959116447,+971959116447
CUST00000099,New,1,216472.629009614,1,0,Retail,Self-Employed,1,2.9586961109245484,60.51084879737639,2,Singapore,Singapore,Normal,0,+65,56839312,+6556839312
CUST00000100,New,1,640211.5490467284,1,0,Retail,Salaried,2,4.573182572712528,31.440714760371115,0,Germany,Munich,Normal,0,+49,20642612071,+4920642612071
CUST00000101,New,1,2135559.397671305,0,0,Retail,Self-Employed,1,1.6812532475121396,10.151859907826633,0,UK,Manchester,Normal,0,+44,8685118978,+448685118978
CUST00000102,Mature,1,136246.10219480252,0,0,Retail,Salaried,0,0.15955611106570816,50.59310214964956,0,Iran,Isfahan,High-Risk,1,+98,5319093997,+985319093997
CUST00000103,Mid,1,141422.12648847632,3,0,Retail,Student,2,3.328793258639621,35.80537218672114,0,UK,Manchester,Normal,0,+44,3700368416,+443700368416
CUST00000104,Mid,1,562274.1320295681,0,0,Retail,Self-Employed,1,0.16181660255952465,8.150018923605524,1,Germany,Berlin,Normal,0,+49,41882732043,+4941882732043
CUST00000105,Mature,1,405835.1577177228,1,0,Retail,Self-Employed,2,0.3001513862621556,70.05681981794012,0,Pakistan,Karachi,Watchlist,1,+92,2977725684,+922977725684
CUST00000106,Mid,1,1157805.0741105925,0,0,Retail,Salaried,3,3.545633051309935,34.02103971147508,0,India,Mumbai,Normal,0,+91,6599930094,+916599930094
CUST00000107,Mid,1,371585.90951901797,0,0,Retail,Self-Employed,0,1.0841914923345708,69.0222203958782,1,UAE,Abu Dhabi,Normal,0,+971,624407448,+971624407448
CUST00000108,Mature,1,158996.44433695287,0,0,Retail,Salaried,0,0.6384626082738398,51.329648161896735,0,Pakistan,Lahore,Watchlist,1,+92,9026004859,+929026004859
CUST00000109,Mid,1,373842.30669291737,8,0,Corporate,Salaried,2,2.095754234189599,68.59675698012998,0,India,Delhi,Normal,0,+91,7854425391,+917854425391
CUST00000110,New,2,595903.0246706678,4,0,Retail,Salaried,1,1.353274952052809,3.4072625054695473,0,Singapore,Singapore,Normal,0,+65,92885998,+6592885998
CUST00000111,Mid,1,459748.07852995023,7,0,Retail,Self-Employed,2,2.7562635092756445,42.719047012006136,0,India,Mumbai,Normal,0,+91,9495847049,+919495847049
CUST00000112,New,2,346814.94882684556,1,0,Retail,Salaried,3,1.4093289485913536,82.24160931719953,0,USA,New York,Normal,0,+1,2956405945,+12956405945
CUST00000113,Mature,2,573783.3819029077,0,0,Retail,Salaried,2,1.4379181970303456,22.445089289028942,0,Singapore,Singapore,Normal,0,+65,99661252,+6599661252
CUST00000114,Mature,1,629301.6751271401,1,0,Retail,Student,3,2.6805208174093647,43.436167127145225,0,Pakistan,Karachi,Watchlist,1,+92,3349822545,+923349822545
CUST00000115,Mature,2,762183.8602138379,1,0,Retail,Salaried,3,1.0703897253436667,16.506485094844958,0,Myanmar,Mandalay,High-Risk,1,+95,824739131,+95824739131
CUST00000116,Mature,3,393894.7020300844,4,0,Retail,Self-Employed,3,0.4464857298908235,78.93853205878074,0,Iran,Tehran,High-Risk,1,+98,4339895838,+984339895838
CUST00000117,Mature,1,189017.281754262,0,0,Retail,Salaried,2,2.1943476490062794,31.510500588564245,0,UK,Manchester,Normal,0,+44,4854242441,+444854242441
CUST00000118,New,1,250707.52954752135,1,0,Retail,Salaried,0,0.879054096072806,42.628260447142644,0,India,Bangalore,Normal,0,+91,7865437170,+917865437170
CUST00000119,Mature,2,650735.1936541568,0,0,Retail,Self-Employed,2,1.509922507322801,42.05818947848704,0,Iran,Tehran,High-Risk,1,+98,9902453661,+989902453661
CUST00000120,Mid,2,105319.92443305788,0,0,Corporate,Salaried,2,0.0661457504007675,53.42976665004231,0,Pakistan,Lahore,Watchlist,1,+92,3118474405,+923118474405
CUST00000121,Mature,1,306142.50587021705,3,0,Retail,Salaried,2,1.0296837543352713,23.455791018009567,1,Myanmar,Yangon,High-Risk,1,+95,932517087,+95932517087
CUST00000122,Mature,1,154198.35450881594,1,0,Retail,Self-Employed,3,0.6874777654066423,50.77924487029974,0,India,Mumbai,Normal,0,+91,6981217191,+916981217191
CUST00000123,Mid,1,225453.75530505576,0,0,Retail,Self-Employed,1,0.06204633231682358,38.190837861261215,0,UAE,Dubai,Normal,0,+971,906194422,+971906194422
CUST00000124,New,1,694263.3791439118,0,0,Retail,Self-Employed,2,1.0606546246784936,9.239912244223678,2,USA,San Francisco,Normal,0,+1,6253212353,+16253212353
CUST00000125,Mid,2,260925.22766490135,1,0,Retail,Salaried,0,1.0946210507783134,6.492566961111137,0,Germany,Berlin,Normal,0,+49,92227301912,+4992227301912
CUST00000126,Mid,1,229072.28628071756,3,0,Retail,Salaried,0,1.6056114256018634,46.567153031928996,0,USA,San Francisco,Normal,0,+1,7708091268,+17708091268
CUST00000127,Mature,1,64610.32282892683,5,0,Retail,Self-Employed,2,2.920433040878323,6.833884296733229,0,Myanmar,Yangon,High-Risk,1,+95,478963335,+95478963335
CUST00000128,Mature,2,430037.72200904076,7,0,Retail,Self-Employed,3,2.5649750791950847,36.14000510154056,0,India,Delhi,Normal,0,+91,9486744678,+919486744678
CUST00000129,New,1,392752.8305237491,3,1,Retail,Student,1,0.7388892964907435,19.033569115260534,1,Myanmar,Mandalay,High-Risk,1,+95,812196111,+95812196111
CUST00000130,Mid,1,1539439.9677956463,0,0,Retail,Student,1,1.3789462154351713,46.95695721985127,1,Pakistan,Lahore,Watchlist,1,+92,8301269052,+928301269052
CUST00000131,Mid,2,166541.46368527156,2,0,Retail,Student,4,1.8067654107824318,55.71035342648892,2,Singapore,Singapore,Normal,0,+65,43362776,+6543362776
CUST00000132,Mid,2,267596.4376418852,1,0,Retail,Salaried,1,0.7608693629731962,55.20780265552967,0,Singapore,Singapore,Normal,0,+65,34593948,+6534593948
CUST00000133,New,1,274977.7090434964,0,0,Retail,Salaried,2,0.18576722620020092,55.29558638601982,0,UK,London,Normal,0,+44,4610121298,+444610121298
CUST00000134,Mid,1,908643.3589537687,4,0,Retail,Self-Employed,0,0.9556709376723732,45.78429243388463,0,Pakistan,Karachi,Watchlist,1,+92,5820499131,+925820499131
CUST00000135,Mature,1,201638.9540265029,0,0,Retail,Salaried,4,3.0154902699256,60.38453422207023,0,Iran,Isfahan,High-Risk,1,+98,3243191569,+983243191569
CUST00000136,Mid,1,282411.1800397034,6,0,Retail,Salaried,3,0.17242051336335745,45.5301165918042,0,Pakistan,Karachi,Watchlist,1,+92,7605207397,+927605207397
CUST00000137,Mid,1,379688.6518953239,1,0,Corporate,Student,2,0.3935644382958079,29.673483586695887,0,Myanmar,Mandalay,High-Risk,1,+95,333935849,+95333935849
CUST00000138,Mature,1,259872.96926163055,2,0,Retail,Student,2,0.5029393273018101,6.416513427157425,1,UAE,Dubai,Normal,0,+971,777398845,+971777398845
CUST00000139,Mid,1,147003.21656330777,2,0,Retail,Salaried,3,0.3991034037649385,68.64898026238394,1,Myanmar,Mandalay,High-Risk,1,+95,627838867,+95627838867
CUST00000140,Mature,1,261628.54082012936,5,0,Retail,Salaried,3,2.103327577998653,80.11472327114247,1,Pakistan,Lahore,Watchlist,1,+92,8242652809,+928242652809
CUST00000141,Mature,1,577387.3138892801,2,1,Corporate,Salaried,1,0.609897364100258,30.440504594833122,0,Pakistan,Karachi,Watchlist,1,+92,4962218395,+924962218395
CUST00000142,Mid,1,87215.40267937098,2,0,Retail,Student,3,2.149301991051026,29.37054772757492,1,UAE,Abu Dhabi,Normal,0,+971,386946396,+971386946396
CUST00000143,Mid,1,247625.47611680516,0,0,Corporate,Retired,3,1.2152385380060735,7.0138850865602755,1,India,Mumbai,Normal,0,+91,7633024413,+917633024413
CUST00000144,Mid,1,116995.56025889605,1,0,Corporate,Salaried,0,0.11449660767596495,30.793434646528162,0,Iran,Tehran,High-Risk,1,+98,2805620629,+982805620629
CUST00000145,Mid,1,644056.649340567,0,0,Retail,Salaried,4,0.7780561233474023,38.911775807049786,0,Myanmar,Mandalay,High-Risk,1,+95,555359378,+95555359378
CUST00000146,New,2,55777.83156749179,3,0,Corporate,Student,4,2.6253867274805387,18.70475956583706,1,UAE,Dubai,Normal,0,+971,368840570,+971368840570
CUST00000147,Mature,1,132849.2542177455,1,0,Retail,Salaried,2,1.3416214383052325,18.600579548026165,1,Iran,Tehran,High-Risk,1,+98,3041993067,+983041993067
CUST00000148,Mid,2,308504.18490199064,2,0,Retail,Self-Employed,2,0.8395970655514637,39.43641458715731,0,Pakistan,Lahore,Watchlist,1,+92,6170605541,+926170605541
CUST00000149,New,2,898940.0502575384,0,0,Retail,Retired,2,3.0433943739229794,34.993991595197095,0,UAE,Dubai,Normal,0,+971,384465104,+971384465104
CUST00000150,Mid,1,207072.6061373489,0,0,Retail,Salaried,0,0.3473351137127142,20.184391189103167,1,India,Mumbai,Normal,0,+91,9219131328,+919219131328
CUST00000151,Mature,1,133295.0573022214,3,0,Retail,Self-Employed,2,0.6343936033113432,67.94783976862998,0,Singapore,Singapore,Normal,0,+65,82786534,+6582786534
CUST00000152,Mid,1,1194264.8461058114,0,0,Retail,Salaried,2,2.4347150889189546,2.133568785547641,0,UAE,Dubai,Normal,0,+971,921267068,+971921267068
CUST00000153,New,1,59682.10404043355,0,0,Corporate,Salaried,3,2.0682203225033806,65.69530662359429,0,Iran,Isfahan,High-Risk,1,+98,5227374233,+985227374233
CUST00000154,Mid,2,30365.87242054933,0,0,Retail,Student,0,0.31155103274594803,20.655060739278554,0,Singapore,Singapore,Normal,0,+65,95685222,+6595685222
CUST00000155,Mature,1,326443.7741463934,7,0,Retail,Salaried,1,1.7558243543210006,36.28076665382791,0,Myanmar,Mandalay,High-Risk,1,+95,591090324,+95591090324
CUST00000156,Mid,1,139825.5982275616,3,0,Corporate,Unemployed,3,0.5990645817623697,45.82931978921883,1,Iran,Tehran,High-Risk,1,+98,5878473424,+985878473424
CUST00000157,Mature,1,87631.03233414043,0,0,Corporate,Self-Employed,3,0.0559056778190466,38.61200424963134,0,UAE,Dubai,Normal,0,+971,524458095,+971524458095
CUST00000158,Mature,1,415617.5654401274,0,0,Corporate,Salaried,4,0.8563634793575745,33.70176737950965,2,Germany,Berlin,Normal,0,+49,25172955341,+4925172955341
CUST00000159,Mid,2,273599.5014092008,0,0,Retail,Salaried,0,4.790069205605806,30.5853682207145,0,UAE,Dubai,Normal,0,+971,397969560,+971397969560
CUST00000160,Mature,1,132234.11543004436,3,0,Corporate,Salaried,3,2.661132008572803,36.72495534386426,1,Singapore,Singapore,Normal,0,+65,74601825,+6574601825
CUST00000161,Mid,1,69405.82253650675,2,0,Retail,Salaried,1,1.1162448095482997,56.98012869016878,0,USA,New York,Normal,0,+1,8684312413,+18684312413
CUST00000162,Mature,3,481764.93890192633,0,0,Retail,Salaried,2,0.15633943341597964,53.27392594735234,0,India,Bangalore,Normal,0,+91,6362975504,+916362975504
CUST00000163,Mature,2,394423.7272072277,0,0,Retail,Salaried,5,0.059869336455688156,16.1644866131955,0,Germany,Munich,Normal,0,+49,49076699935,+4949076699935
CUST00000164,Mid,1,200935.99883861394,0,0,Retail,Salaried,0,1.2187210253118501,69.80265393183704,1,Germany,Berlin,Normal,0,+49,98283465977,+4998283465977
CUST00000165,New,1,1157731.7911668539,2,0,Retail,Self-Employed,1,1.6599937503329165,13.62547009776376,1,USA,New York,Normal,0,+1,9295689934,+19295689934
CUST00000166,Mature,1,83861.65118457767,3,0,Retail,Self-Employed,3,2.1233019019382318,62.764285482687455,0,USA,San Francisco,Normal,0,+1,9053441713,+19053441713
CUST00000167,Mid,1,55660.57391810878,0,0,Retail,Self-Employed,3,1.929192615353447,50.677517330617405,0,Myanmar,Yangon,High-Risk,1,+95,540514578,+95540514578
CUST00000168,New,1,117863.53334430937,0,0,Retail,Salaried,1,2.066414118450316,13.466990363928948,0,UAE,Abu Dhabi,Normal,0,+971,654311646,+971654311646
CUST00000169,New,1,210864.8287807313,0,1,Retail,Salaried,0,1.4916579438101898,61.92572330069099,0,Pakistan,Karachi,Watchlist,1,+92,6004172019,+926004172019
CUST00000170,Mid,1,273485.9434311313,8,0,Retail,Self-Employed,3,2.9929102279488498,50.99634514236708,0,Myanmar,Mandalay,High-Risk,1,+95,365769725,+95365769725
CUST00000171,Mature,1,176820.00052506838,0,0,Retail,Salaried,3,0.6860366009230343,46.48443626696115,1,UK,London,Normal,0,+44,6690062245,+446690062245
CUST00000172,New,2,301597.8712383865,3,0,Retail,Salaried,0,1.2020214802399616,24.127537279663,0,India,Bangalore,Normal,0,+91,7252482544,+917252482544
CUST00000173,Mid,1,71226.09394338177,2,0,Retail,Student,2,0.11529953838439501,41.69666918907203,1,UAE,Abu Dhabi,Normal,0,+971,455084076,+971455084076
CUST00000174,Mid,1,805636.674388683,0,0,Retail,Self-Employed,0,0.6706786792170588,21.29578772214544,1,UAE,Dubai,Normal,0,+971,840887427,+971840887427
CUST00000175,Mature,1,204038.4916214764,0,0,Corporate,Self-Employed,4,2.6041560640644628,39.93777930480052,0,India,Delhi,Normal,0,+91,6263645696,+916263645696
CUST00000176,New,3,600529.0216215192,0,0,Retail,Salaried,0,2.0127853713339534,14.915202146520597,0,Singapore,Singapore,Normal,0,+65,96662261,+6596662261
CUST00000177,Mature,1,299075.9434936386,2,0,Retail,Self-Employed,2,0.02247961069918404,73.8036717608156,0,Pakistan,Lahore,Watchlist,1,+92,7123579963,+927123579963
CUST00000178,Mid,1,331398.8444976398,3,0,Retail,Self-Employed,1,5.05436452219189,39.456902110666206,0,Pakistan,Lahore,Watchlist,1,+92,3135254417,+923135254417
CUST00000179,Mature,3,366880.1666065755,2,0,Retail,Self-Employed,0,1.3447469660486289,31.8429020112389,1,Singapore,Singapore,Normal,0,+65,61688068,+6561688068
CUST00000180,New,2,328712.1438365297,1,1,Retail,Self-Employed,1,1.3675085883233467,49.99773923636061,1,UK,London,Normal,0,+44,7013317123,+447013317123
CUST00000181,Mid,2,391777.942041246,0,0,Retail,Student,2,0.6258423894029813,75.0582785802364,0,Pakistan,Lahore,Watchlist,1,+92,2907467479,+922907467479
CUST00000182,New,1,726676.9352818922,8,0,Retail,Self-Employed,5,0.7821415534566466,23.91216981955668,0,India,Delhi,Normal,0,+91,8781203407,+918781203407
CUST00000183,Mature,1,262201.6262794593,3,0,Retail,Salaried,1,1.331383839144403,52.01085792807927,1,Singapore,Singapore,Normal,0,+65,30148811,+6530148811
CUST00000184,Mature,2,415859.7661576527,0,0,Retail,Self-Employed,3,1.9199295104578957,42.708125604743415,0,UK,London,Normal,0,+44,4620520300,+444620520300
CUST00000185,Mid,3,202650.4545616936,8,0,Retail,Self-Employed,1,1.5532296015364968,37.03087543958901,1,UAE,Dubai,Normal,0,+971,519711997,+971519711997
CUST00000186,Mature,1,802996.3872915554,2,0,Retail,Self-Employed,5,0.6806720835030594,3.855566982228484,1,Myanmar,Mandalay,High-Risk,1,+95,553202845,+95553202845
CUST00000187,Mature,1,119520.94753202313,1,0,Retail,Salaried,2,0.4391802390847831,49.90841373834952,2,India,Bangalore,Normal,0,+91,6090327667,+916090327667
CUST00000188,Mid,1,1111083.6847803132,3,0,Retail,Salaried,0,0.40436828406547237,57.27530901869511,0,Iran,Isfahan,High-Risk,1,+98,7969135225,+987969135225
CUST00000189,Mid,2,211897.47843969124,4,0,Retail,Student,1,2.7653026960508655,65.8541719047886,0,UAE,Dubai,Normal,0,+971,204097159,+971204097159
CUST00000190,Mid,1,60615.28743174248,2,0,Corporate,Self-Employed,2,2.5100126783874237,56.18452046416127,1,India,Delhi,Normal,0,+91,7493023111,+917493023111
CUST00000191,New,1,246543.56063385488,0,0,Corporate,Retired,0,1.7761398940222926,32.24845965721692,0,USA,San Francisco,Normal,0,+1,4091529407,+14091529407
CUST00000192,Mature,1,119020.79542209751,0,0,Retail,Self-Employed,1,2.749728437105921,20.245201779434115,1,Pakistan,Lahore,Watchlist,1,+92,6383124956,+926383124956
CUST00000193,Mature,1,468166.45937727246,6,0,Retail,Self-Employed,3,1.0366184577416957,4.5632760279825115,0,Iran,Tehran,High-Risk,1,+98,5692637867,+985692637867
CUST00000194,Mature,1,122105.22092801616,0,0,Retail,Self-Employed,0,2.3413008915265876,56.519934439966526,0,Germany,Berlin,Normal,0,+49,91853494686,+4991853494686
CUST00000195,Mid,1,147036.32000497764,0,0,Retail,Student,0,1.8538686646828646,43.400983980228744,0,Pakistan,Karachi,Watchlist,1,+92,2399357800,+922399357800
CUST00000196,Mid,2,40111.29891860086,1,0,Retail,Self-Employed,2,2.3919919142484916,38.4419702530642,0,UAE,Abu Dhabi,Normal,0,+971,676829424,+971676829424
CUST00000197,Mature,1,146228.29044528553,1,0,Corporate,Self-Employed,2,0.3561927798406827,21.575317276027608,1,Iran,Isfahan,High-Risk,1,+98,3035167033,+983035167033
CUST00000198,Mature,1,24797.76001341165,2,0,Corporate,Salaried,2,1.473241338310073,9.02940538322886,2,UK,London,Normal,0,+44,6438610805,+446438610805
CUST00000199,Mature,1,52811.66951746765,7,0,Retail,Salaried,4,0.8272568460397517,79.35375808055974,0,Iran,Isfahan,High-Risk,1,+98,9135452416,+989135452416
CUST00000200,Mature,1,435553.61999428034,0,0,Retail,Self-Employed,3,3.11584785492598,69.81774999881164,1,Iran,Isfahan,High-Risk,1,+98,4077268721,+984077268721
CUST00000201,Mature,1,445619.2392802307,0,0,Retail,Salaried,1,2.515563057050518,74.36474653908412,0,UK,London,Normal,0,+44,6966843733,+446966843733
CUST00000202,New,1,322194.86284595967,0,0,Retail,Salaried,3,1.587504354542635,74.49671945890172,1,UAE,Abu Dhabi,Normal,0,+971,510368890,+971510368890
CUST00000203,New,1,92016.34204528744,5,0,Retail,Salaried,1,0.4716810897579925,40.609494782463095,1,Iran,Isfahan,High-Risk,1,+98,6669593289,+986669593289
CUST00000204,Mature,1,210461.87082459382,2,0,Retail,Salaried,3,0.10654129227075664,26.24215169296253,1,UAE,Dubai,Normal,0,+971,570650347,+971570650347
CUST00000205,Mature,1,218984.82514411642,0,0,Retail,Salaried,3,0.6654292067943776,31.007572916632657,1,Iran,Tehran,High-Risk,1,+98,8321393946,+988321393946
CUST00000206,New,3,77456.50095195873,4,0,Retail,Salaried,2,2.09124843198407,23.862826693243242,0,Myanmar,Mandalay,High-Risk,1,+95,214982015,+95214982015
CUST00000207,New,1,850056.8185542898,5,0,Retail,Retired,3,0.836092324197817,25.997540757168974,0,Pakistan,Lahore,Watchlist,1,+92,9400335595,+929400335595
CUST00000208,Mature,2,483896.37499126483,4,0,Corporate,Self-Employed,2,1.7945537864445897,48.378598825733725,0,UK,London,Normal,0,+44,2986661156,+442986661156
CUST00000209,New,1,180075.6363493922,6,0,Retail,Salaried,3,1.8700615149654838,17.911160936895474,0,Germany,Munich,Normal,0,+49,43266364093,+4943266364093
CUST00000210,New,2,225076.8672565947,0,0,Retail,Salaried,1,2.066429690064505,42.55896313317765,0,Myanmar,Mandalay,High-Risk,1,+95,811019777,+95811019777
CUST00000211,Mid,2,265015.7473467424,3,0,Retail,Self-Employed,3,0.0759649984453174,13.15289844230055,0,Iran,Isfahan,High-Risk,1,+98,8009357125,+988009357125
CUST00000212,Mature,1,34976.742458887195,1,0,Retail,Salaried,2,0.5223966058567806,39.16391252357279,0,Myanmar,Yangon,High-Risk,1,+95,331637769,+95331637769
CUST00000213,Mature,1,175877.03335798977,4,0,Retail,Student,4,1.7667784447307744,40.0895350751078,0,Germany,Berlin,Normal,0,+49,23699031842,+4923699031842
CUST00000214,Mid,1,118920.9394348393,3,0,Retail,Self-Employed,3,3.6449804781021795,71.53064004546289,1,UAE,Abu Dhabi,Normal,0,+971,559067668,+971559067668
CUST00000215,Mature,1,89191.58638618537,3,0,Retail,Self-Employed,1,2.901141929663312,15.693387004789749,1,USA,San Francisco,Normal,0,+1,6368414374,+16368414374
CUST00000216,Mid,3,170588.53988005128,2,0,Retail,Salaried,1,1.5172201550516902,25.35432388195616,0,Myanmar,Mandalay,High-Risk,1,+95,282955392,+95282955392
CUST00000217,Mid,2,1107834.6188294333,0,0,Corporate,Self-Employed,2,3.1413829418815826,27.75612166260825,0,UK,London,Normal,0,+44,2649607262,+442649607262
CUST00000218,Mature,3,391115.6499436603,1,0,Retail,Salaried,4,1.507141840222249,56.51735900177476,0,UK,London,Normal,0,+44,7298135299,+447298135299
CUST00000219,Mature,1,131391.79093143353,9,0,Retail,Retired,2,0.16517424278434112,49.64410000921959,2,Myanmar,Yangon,High-Risk,1,+95,864213377,+95864213377
CUST00000220,Mature,2,367811.00182322133,7,0,Retail,Self-Employed,3,2.0378189496019528,51.15517558160241,0,India,Delhi,Normal,0,+91,6457043319,+916457043319
CUST00000221,Mature,3,774071.7843637895,0,0,Retail,Salaried,1,2.9789980908132763,42.81431134938297,0,India,Mumbai,Normal,0,+91,6564781384,+916564781384
CUST00000222,Mid,1,504927.59140540735,0,0,Retail,Salaried,2,4.5211374661919415,18.27955228362816,0,Iran,Isfahan,High-Risk,1,+98,4524259482,+984524259482
CUST00000223,New,1,231808.6052804837,0,0,Retail,Salaried,4,0.645626189107056,25.449625819081668,0,Germany,Munich,Normal,0,+49,77651670837,+4977651670837
CUST00000224,Mid,2,122731.81647554638,3,0,Retail,Self-Employed,4,0.31033271362988274,52.729967517955956,0,Myanmar,Mandalay,High-Risk,1,+95,896961031,+95896961031
CUST00000225,Mid,1,411844.4391905877,4,0,Retail,Salaried,1,2.346799596035279,46.026179190236256,1,Pakistan,Lahore,Watchlist,1,+92,9967508590,+929967508590
CUST00000226,Mid,2,313055.8370927188,0,0,Corporate,Self-Employed,3,1.6784644423404467,29.927193945500946,2,USA,San Francisco,Normal,0,+1,2757779669,+12757779669
CUST00000227,Mature,1,491724.50921289914,1,0,Retail,Salaried,0,1.5517206632398757,7.591430592125473,1,Germany,Berlin,Normal,0,+49,58189213410,+4958189213410
CUST00000228,Mid,2,389124.4994960202,4,0,Retail,Self-Employed,2,3.1752983937512145,18.77996195044423,1,Pakistan,Karachi,Watchlist,1,+92,3484989523,+923484989523
CUST00000229,Mature,1,565009.2850935295,3,0,Retail,Student,5,2.33944673291084,52.75151640807118,0,USA,New York,Normal,0,+1,5022080801,+15022080801
CUST00000230,Mature,1,135711.73364119232,1,0,Retail,Self-Employed,1,1.8146625742267468,21.06225815473226,2,Iran,Tehran,High-Risk,1,+98,3560217811,+983560217811
CUST00000231,Mature,1,719027.3386021197,1,0,Retail,Self-Employed,2,0.7360757898595853,70.99207891526952,1,Singapore,Singapore,Normal,0,+65,38348598,+6538348598
CUST00000232,Mid,2,262456.2404902767,1,0,Retail,Salaried,2,2.1894957460800275,87.64162614786864,0,UK,London,Normal,0,+44,2698447938,+442698447938
CUST00000233,Mid,2,1422227.3903156845,0,0,Retail,Salaried,0,0.2936179191724569,34.67340696796899,0,Pakistan,Lahore,Watchlist,1,+92,8623642065,+928623642065
CUST00000234,Mid,1,118152.44349774432,1,0,Retail,Self-Employed,3,1.5033978441534024,58.12217630880122,0,UAE,Dubai,Normal,0,+971,361317601,+971361317601
CUST00000235,New,1,1047971.9967510493,2,0,Retail,Salaried,1,1.1304055360750511,47.50057741709558,1,Myanmar,Mandalay,High-Risk,1,+95,332018086,+95332018086
CUST00000236,Mature,2,262529.75451314176,5,0,Retail,Salaried,4,0.15280834460170145,56.05989780548646,0,USA,New York,Normal,0,+1,3144399239,+13144399239
CUST00000237,Mid,1,122237.82321183626,2,0,Retail,Salaried,5,1.682623430340628,77.95232684767478,0,USA,San Francisco,Normal,0,+1,5144490516,+15144490516
CUST00000238,New,2,142130.75877980934,3,0,Retail,Salaried,3,0.6471530667740137,37.940593523790504,0,USA,San Francisco,Normal,0,+1,5444142313,+15444142313
CUST00000239,Mature,1,164668.13469682453,0,0,Retail,Salaried,2,1.6480094272821357,2.114085565284977,1,UAE,Dubai,Normal,0,+971,687200523,+971687200523
CUST00000240,New,1,321820.54379534884,1,0,Corporate,Student,0,0.40791270138391394,52.29293051643107,0,UK,Manchester,Normal,0,+44,2704516603,+442704516603
CUST00000241,Mature,1,351706.37313250836,0,0,Retail,Salaried,3,2.358217691287072,67.42921283215708,0,India,Delhi,Normal,0,+91,9340068015,+919340068015
CUST00000242,Mature,1,131094.01236756574,0,0,Retail,Self-Employed,1,4.078134106844846,9.402106811718552,0,UAE,Abu Dhabi,Normal,0,+971,851836527,+971851836527
CUST00000243,Mature,2,214932.83586182582,3,0,Retail,Salaried,1,0.293761549970096,76.84335060068622,0,Myanmar,Mandalay,High-Risk,1,+95,882010491,+95882010491
CUST00000244,Mid,1,1510639.0372622106,9,0,Retail,Self-Employed,1,0.40726466927656385,82.96890122277055,0,UAE,Dubai,Normal,0,+971,927943495,+971927943495
CUST00000245,New,1,1040059.8869761975,0,0,Retail,Salaried,1,0.23071367692636435,56.68685622935631,1,Myanmar,Mandalay,High-Risk,1,+95,568038470,+95568038470
CUST00000246,Mature,2,325361.2240474628,1,0,Retail,Student,2,0.9503857503642246,12.020034914227972,0,USA,New York,Normal,0,+1,5800326209,+15800326209
CUST00000247,Mid,1,227340.26305769425,4,0,Retail,Student,2,1.6263268743421322,42.55456430504733,0,Myanmar,Yangon,High-Risk,1,+95,393007673,+95393007673
CUST00000248,Mature,1,244758.7214921263,0,0,Retail,Salaried,1,2.0826675356780484,21.471311517162604,1,Pakistan,Karachi,Watchlist,1,+92,7273235663,+927273235663
CUST00000249,Mature,3,381614.4846283564,1,0,Retail,Retired,0,1.4777258567366451,61.56269053482241,1,Myanmar,Yangon,High-Risk,1,+95,961784333,+95961784333
CUST00000250,Mature,2,87508.10453568747,3,0,Retail,Unemployed,5,2.0311078032443515,17.088629221120303,1,UK,Manchester,Normal,0,+44,7366449766,+447366449766
CUST00000251,Mid,1,174270.00290408786,2,0,Retail,Student,0,1.093163266231488,67.37162420232488,0,Pakistan,Lahore,Watchlist,1,+92,7669191969,+927669191969
CUST00000252,Mid,3,48936.28053071915,0,0,Retail,Student,0,0.6390265807723968,36.75542847754778,0,Pakistan,Lahore,Watchlist,1,+92,8640187790,+928640187790
CUST00000253,Mature,2,314676.62724686164,0,0,Retail,Salaried,1,0.41980529081155565,34.320289775181415,0,Myanmar,Mandalay,High-Risk,1,+95,787232587,+95787232587
CUST00000254,Mid,1,393358.3650602424,3,0,Retail,Self-Employed,1,0.9848518695759233,26.798588438203968,2,USA,San Francisco,Normal,0,+1,8931775780,+18931775780
CUST00000255,New,1,142220.2489553402,1,0,Retail,Salaried,3,0.43237958178133734,31.05296871935584,3,Iran,Tehran,High-Risk,1,+98,2107737614,+982107737614
CUST00000256,Mid,2,905812.9320691854,0,0,Retail,Salaried,1,1.5848154405852237,35.05306537432942,0,Germany,Munich,Normal,0,+49,79320497860,+4979320497860
CUST00000257,Mature,2,72897.59326818245,3,0,Retail,Unemployed,0,0.44078219629055193,5.765181686625425,0,Singapore,Singapore,Normal,0,+65,20103983,+6520103983
CUST00000258,Mature,1,58809.73067182133,0,0,Retail,Salaried,1,0.7151924355790817,56.317542374046226,1,USA,New York,Normal,0,+1,6368600330,+16368600330
CUST00000259,Mid,2,268876.2825728235,3,0,Retail,Self-Employed,4,2.754328068859726,30.889923777898797,0,UK,Manchester,Normal,0,+44,7914728680,+447914728680
CUST00000260,New,2,563762.5732038491,0,0,Retail,Student,2,2.961942275374077,56.11686536898485,0,India,Delhi,Normal,0,+91,6233697949,+916233697949
CUST00000261,Mature,1,1000024.3646446213,7,0,Corporate,Student,0,2.8904910171102163,59.1354552622552,0,India,Delhi,Normal,0,+91,8222354744,+918222354744
CUST00000262,Mature,1,145365.15460756246,0,0,Retail,Unemployed,3,1.1102397397476622,59.04162448070917,1,USA,New York,Normal,0,+1,9914615648,+19914615648
CUST00000263,New,1,580017.0334381417,0,1,Retail,Salaried,1,0.666996405642578,48.794193509769364,1,Iran,Tehran,High-Risk,1,+98,7390776712,+987390776712
CUST00000264,Mid,2,212212.2808547317,0,0,Retail,Salaried,1,1.7955449992949513,48.65967588157701,0,USA,New York,Normal,0,+1,2077643999,+12077643999
CUST00000265,Mature,1,188082.3974408177,0,0,Retail,Salaried,0,0.4517991975475244,68.02320751125103,0,Iran,Tehran,High-Risk,1,+98,7950433687,+987950433687
CUST00000266,Mature,1,486646.8299154657,5,0,Retail,Salaried,3,2.166396318722173,48.54401662367083,0,Singapore,Singapore,Normal,0,+65,47451241,+6547451241
CUST00000267,Mature,2,395177.61086128006,9,0,Retail,Salaried,1,0.6046118139880066,47.74883056847673,0,UK,Manchester,Normal,0,+44,4354931446,+444354931446
CUST00000268,Mature,2,53169.86453448626,0,0,Corporate,Salaried,0,0.9458720742402734,52.27667205751296,0,Myanmar,Mandalay,High-Risk,1,+95,234770490,+95234770490
CUST00000269,Mid,1,829755.4640636998,1,0,Retail,Self-Employed,2,2.205439425275904,82.15162574871893,1,UAE,Dubai,Normal,0,+971,211832015,+971211832015
CUST00000270,Mid,2,760766.8515397207,3,1,Retail,Self-Employed,3,0.09803271230576881,82.11719621500984,1,Myanmar,Yangon,High-Risk,1,+95,243486737,+95243486737
CUST00000271,Mature,1,125115.62248590798,5,0,Retail,Salaried,1,0.632860149490325,10.33993619698428,0,India,Mumbai,Normal,0,+91,7465248636,+917465248636
CUST00000272,Mature,2,313709.6576901635,1,0,Retail,Self-Employed,5,1.613966683347647,66.08283392296333,0,Singapore,Singapore,Normal,0,+65,61567576,+6561567576
CUST00000273,Mature,1,342705.6408170613,0,0,Retail,Salaried,3,1.9184465058548268,16.569125002845794,0,USA,San Francisco,Normal,0,+1,3585362409,+13585362409
CUST00000274,Mature,1,277786.0214387962,1,0,Retail,Salaried,3,1.6686680327797778,40.57593818158319,0,UAE,Abu Dhabi,Normal,0,+971,478891342,+971478891342
CUST00000275,Mid,2,133883.50853388413,2,0,Retail,Self-Employed,4,0.9344577577671076,17.61576106255752,0,USA,New York,Normal,0,+1,6059180869,+16059180869
CUST00000276,Mid,1,120035.03876547246,0,0,Retail,Self-Employed,1,2.386165947470263,28.59883771584829,0,UK,London,Normal,0,+44,3571452152,+443571452152
CUST00000277,Mature,1,214700.93442813915,2,0,Retail,Self-Employed,2,0.403326365473769,9.544548535205589,0,USA,San Francisco,Normal,0,+1,3070452616,+13070452616
CUST00000278,Mature,2,631249.2789624988,0,0,Retail,Salaried,2,0.38270200770135604,58.937189182431815,0,USA,New York,Normal,0,+1,3462302894,+13462302894
CUST00000279,Mature,2,358340.9330401342,3,0,Retail,Student,2,1.6005298676333772,54.17813333756695,1,UAE,Abu Dhabi,Normal,0,+971,871269386,+971871269386
CUST00000280,Mature,2,157384.49468487862,0,0,Corporate,Self-Employed,2,0.35046881707915084,85.27823119342402,0,Pakistan,Lahore,Watchlist,1,+92,7039559542,+927039559542
CUST00000281,Mature,2,439999.4868234888,1,0,Retail,Self-Employed,3,4.182665497692156,55.904740500062125,1,USA,New York,Normal,0,+1,3282201217,+13282201217
CUST00000282,Mid,1,16921.015370439396,1,1,Corporate,Self-Employed,3,0.6524764281854175,9.770670298472552,1,UK,Manchester,Normal,0,+44,7605152628,+447605152628
CUST00000283,Mid,1,617780.8922779149,2,0,Retail,Student,2,2.3509144321738846,63.25450248844633,0,Singapore,Singapore,Normal,0,+65,46371787,+6546371787
CUST00000284,New,1,45901.707651809076,0,0,Retail,Self-Employed,3,0.27894593657689226,23.392619234271002,1,USA,New York,Normal,0,+1,7906061712,+17906061712
CUST00000285,Mid,1,158546.49176660646,1,0,Retail,Self-Employed,1,3.5430099053284088,43.48881827480335,2,India,Bangalore,Normal,0,+91,6204494855,+916204494855
CUST00000286,New,3,80201.46775217618,1,0,Retail,Unemployed,3,1.1820164505848616,15.892720671719232,0,India,Bangalore,Normal,0,+91,8496214248,+918496214248
CUST00000287,Mid,1,68513.54019870926,1,1,Retail,Self-Employed,5,0.6337631166468298,76.28977672219963,0,Pakistan,Lahore,Watchlist,1,+92,4903941107,+924903941107
CUST00000288,Mid,1,624523.4192471247,2,0,Retail,Salaried,0,0.8724317307587953,25.464881954688085,0,Singapore,Singapore,Normal,0,+65,32130249,+6532130249
CUST00000289,Mid,1,144216.21115219741,2,1,Retail,Self-Employed,1,0.530018031937394,24.71404666178188,0,UK,London,Normal,0,+44,2353665819,+442353665819
CUST00000290,Mid,3,300094.7369311204,4,0,Retail,Salaried,2,0.9433664605936403,70.39525892872622,0,Iran,Isfahan,High-Risk,1,+98,9793554026,+989793554026
CUST00000291,New,1,210611.70975433788,0,0,Retail,Salaried,0,0.3012439408178302,28.41407403367498,0,India,Delhi,Normal,0,+91,9123424771,+919123424771
CUST00000292,New,1,337505.38492501335,4,0,Retail,Self-Employed,2,0.6555944042427644,67.96486100765495,0,UK,London,Normal,0,+44,7389170590,+447389170590
CUST00000293,Mature,1,235423.12404124613,1,0,Corporate,Retired,0,2.3151654506587387,37.33732580386349,1,UAE,Abu Dhabi,Normal,0,+971,328499194,+971328499194
CUST00000294,Mid,2,69238.12977947386,0,0,Retail,Retired,2,1.4078612797269794,31.058638644716897,2,Germany,Berlin,Normal,0,+49,60248907085,+4960248907085
CUST00000295,New,1,538552.431948388,0,0,Retail,Salaried,1,0.39362763681701957,9.869202607339481,1,Iran,Isfahan,High-Risk,1,+98,2746665781,+982746665781
CUST00000296,Mid,2,140873.7073105511,0,0,Retail,Self-Employed,3,0.9749064992082089,62.198988526346746,1,UK,Manchester,Normal,0,+44,8151951062,+448151951062
CUST00000297,Mature,3,54126.34371859453,3,0,Retail,Salaried,2,2.9881202474002033,80.33041868708493,0,UAE,Dubai,Normal,0,+971,735438551,+971735438551
CUST00000298,Mid,1,149446.88959207706,3,0,Retail,Unemployed,5,0.7372785739399041,41.17824027082704,0,Iran,Tehran,High-Risk,1,+98,7677892966,+987677892966
CUST00000299,Mature,2,848040.617456436,3,0,Retail,Unemployed,3,0.34581392624869517,75.15428828869027,0,USA,San Francisco,Normal,0,+1,2734524940,+12734524940
CUST00000300,New,3,472219.67427748494,1,0,Retail,Self-Employed,1,1.861052904550731,21.666976748795005,0,Myanmar,Mandalay,High-Risk,1,+95,420606386,+95420606386
CUST00000301,New,2,160526.3012804274,1,0,Retail,Student,1,0.041864980155157494,46.88576814236753,0,Germany,Berlin,Normal,0,+49,66895050374,+4966895050374
CUST00000302,Mid,1,160438.8362092701,0,0,Retail,Self-Employed,3,0.8918284513067232,26.53852350081385,0,UAE,Abu Dhabi,Normal,0,+971,849770447,+971849770447
CUST00000303,Mid,1,164477.40002851275,0,0,Retail,Self-Employed,0,3.1910253177634504,67.80164029888037,0,Pakistan,Lahore,Watchlist,1,+92,2668123069,+922668123069
CUST00000304,Mature,2,1424132.1736266988,1,0,Corporate,Salaried,0,0.9486035888148963,30.0543503204654,0,Pakistan,Lahore,Watchlist,1,+92,4227891990,+924227891990
CUST00000305,Mature,1,309818.4956255638,0,0,Retail,Salaried,1,2.5004645252307345,45.966446257797145,0,UK,Manchester,Normal,0,+44,7858510720,+447858510720
CUST00000306,Mature,2,323526.88058579207,0,1,Retail,Self-Employed,1,0.3399416812963143,61.23734290768043,0,Germany,Munich,Normal,0,+49,87070888234,+4987070888234
CUST00000307,Mid,3,555295.180793755,1,0,Retail,Self-Employed,2,0.9135559447322124,74.08648418157684,0,Iran,Isfahan,High-Risk,1,+98,7835017396,+987835017396
CUST00000308,Mid,3,272368.2372515639,3,0,Retail,Salaried,4,0.8321489913297938,75.75401931982199,1,Singapore,Singapore,Normal,0,+65,58837506,+6558837506
CUST00000309,Mature,1,174008.9595889234,9,0,Corporate,Retired,2,1.7789277198846545,7.845072631172344,1,USA,New York,Normal,0,+1,2278200640,+12278200640
CUST00000310,Mid,1,184109.34673695127,7,0,Retail,Salaried,6,1.241485362793839,58.641317018456874,1,Pakistan,Lahore,Watchlist,1,+92,9553668049,+929553668049
CUST00000311,Mid,3,205985.04880625347,2,0,Retail,Self-Employed,1,3.5200174915077684,41.74159624605512,0,USA,San Francisco,Normal,0,+1,4633009110,+14633009110
CUST00000312,New,2,212458.08209126146,1,0,Retail,Self-Employed,2,0.6961359791028333,43.85147658084189,0,Myanmar,Yangon,High-Risk,1,+95,955998435,+95955998435
CUST00000313,New,1,422889.6669084332,2,0,Retail,Self-Employed,1,1.2280528560344792,49.716820236892005,0,Pakistan,Karachi,Watchlist,1,+92,9067876212,+929067876212
CUST00000314,Mature,3,230210.9398143596,3,0,Retail,Self-Employed,3,0.8631496676206362,17.183768166392095,0,USA,San Francisco,Normal,0,+1,5356395852,+15356395852
CUST00000315,Mature,2,424800.98578529316,0,1,Retail,Salaried,3,1.1488172570921094,54.50720249650367,0,UK,Manchester,Normal,0,+44,2994992790,+442994992790
CUST00000316,Mature,1,204302.10370765874,1,0,Retail,Salaried,2,1.056061251377585,24.93916217269113,1,Singapore,Singapore,Normal,0,+65,41227475,+6541227475
CUST00000317,Mid,1,235807.6410339418,4,0,Retail,Self-Employed,4,0.44673632148293885,13.613726381157006,0,Germany,Berlin,Normal,0,+49,81383449759,+4981383449759
CUST00000318,New,1,36374.35905804283,0,0,Corporate,Self-Employed,2,2.214622418024154,59.853318327632024,1,Iran,Isfahan,High-Risk,1,+98,8544269461,+988544269461
CUST00000319,New,1,501167.12497859227,1,0,Retail,Salaried,3,0.5842167209625012,61.53074374348727,1,Germany,Berlin,Normal,0,+49,27415767326,+4927415767326
CUST00000320,Mid,1,300090.57607157994,1,0,Retail,Self-Employed,2,0.5405482418018112,66.14323304815761,1,Pakistan,Lahore,Watchlist,1,+92,3460315062,+923460315062
CUST00000321,Mid,2,539398.0631183636,0,0,Retail,Salaried,2,0.16711088495479623,34.318013174121724,2,Singapore,Singapore,Normal,0,+65,50761628,+6550761628
CUST00000322,Mature,1,16209.781894230797,0,0,Retail,Self-Employed,1,0.6757220777360734,74.03594761695797,0,UAE,Dubai,Normal,0,+971,946200170,+971946200170
CUST00000323,Mature,1,1439112.6039007856,0,0,Corporate,Student,3,0.5760532662757681,46.936347015802475,0,USA,San Francisco,Normal,0,+1,9488160258,+19488160258
CUST00000324,Mid,1,193758.79401698796,0,0,Retail,Salaried,3,0.0627300774330275,66.59420087814514,1,Iran,Isfahan,High-Risk,1,+98,3163125987,+983163125987
CUST00000325,Mature,1,595623.7978352903,0,0,Retail,Salaried,2,0.9395095104008194,65.60612601735201,0,USA,San Francisco,Normal,0,+1,3833871708,+13833871708
CUST00000326,Mature,3,86170.6288152204,4,1,Retail,Self-Employed,0,3.4020091297011708,30.10170414452553,0,India,Mumbai,Normal,0,+91,6744243089,+916744243089
CUST00000327,Mid,1,381359.0178763164,0,0,Retail,Self-Employed,1,0.21627747766283775,29.430031830034668,0,Germany,Berlin,Normal,0,+49,73250461985,+4973250461985
CUST00000328,Mature,1,85129.25207371677,1,0,Retail,Self-Employed,1,1.129744228472104,45.40469135895175,0,Pakistan,Karachi,Watchlist,1,+92,3770003370,+923770003370
CUST00000329,Mid,2,125317.76810922923,0,0,Retail,Student,5,0.918207208351823,78.92152841183623,1,Myanmar,Yangon,High-Risk,1,+95,320898670,+95320898670
CUST00000330,Mid,1,1230127.3006788865,7,0,Retail,Student,1,1.9828048014465092,36.56709105496853,1,Myanmar,Yangon,High-Risk,1,+95,610260113,+95610260113
CUST00000331,Mid,1,185050.83300420683,0,0,Retail,Retired,3,2.1033471239290367,44.56459031875383,0,UAE,Dubai,Normal,0,+971,822942643,+971822942643
CUST00000332,Mature,1,267183.1309185338,1,0,Retail,Self-Employed,2,5.3852937858298215,50.677979755179926,0,UK,London,Normal,0,+44,5231021001,+445231021001
CUST00000333,New,1,480729.95033977326,5,0,Retail,Salaried,3,1.4531640536847819,29.89902037105715,0,Iran,Tehran,High-Risk,1,+98,6848750940,+986848750940
CUST00000334,New,1,343215.4623935579,4,0,Corporate,Salaried,4,0.4969494481809868,72.23735196967507,2,Singapore,Singapore,Normal,0,+65,89776143,+6589776143
CUST00000335,New,1,251544.95866395647,0,0,Retail,Salaried,3,0.6561964143411174,29.832590537323018,0,Myanmar,Yangon,High-Risk,1,+95,698377154,+95698377154
CUST00000336,New,1,305121.367363364,4,0,Retail,Self-Employed,3,0.7280436392097107,54.02058737820027,0,UK,Manchester,Normal,0,+44,3936089046,+443936089046
CUST00000337,Mature,3,1910879.235289279,1,0,Retail,Salaried,2,0.6017734870018249,56.38969866270703,3,India,Bangalore,Normal,0,+91,9131355133,+919131355133
CUST00000338,Mature,1,208593.5879683831,1,0,Retail,Retired,3,4.0482909079863445,59.62881757399303,0,UAE,Dubai,Normal,0,+971,701247525,+971701247525
CUST00000339,Mid,1,263284.1489111531,0,0,Retail,Self-Employed,2,2.0225896527004883,49.497992635790595,0,Pakistan,Karachi,Watchlist,1,+92,8595026336,+928595026336
CUST00000340,New,2,565569.7767511638,0,1,Corporate,Self-Employed,2,1.7660890159092022,23.440576995311957,0,UK,London,Normal,0,+44,2182530857,+442182530857
CUST00000341,Mid,1,594201.2464258539,3,0,Retail,Salaried,5,0.3578275575209,73.3801730540114,0,Myanmar,Yangon,High-Risk,1,+95,816511332,+95816511332
CUST00000342,Mid,2,639426.7015156157,1,0,Retail,Salaried,4,2.0863196676137212,1.8111823357360373,0,UAE,Abu Dhabi,Normal,0,+971,961298412,+971961298412
CUST00000343,New,1,390372.69884019345,1,0,Retail,Salaried,1,2.81509455849587,38.152706221538715,0,Myanmar,Mandalay,High-Risk,1,+95,931157631,+95931157631
CUST00000344,Mid,3,78534.67912749124,3,0,Retail,Salaried,2,0.934242148149837,45.73777903322995,2,Pakistan,Lahore,Watchlist,1,+92,2384641565,+922384641565
CUST00000345,Mid,1,955593.9650583608,3,0,Retail,Salaried,3,0.6482483600653177,48.892405783488435,0,Singapore,Singapore,Normal,0,+65,62972484,+6562972484
CUST00000346,Mature,1,78298.9245024121,0,0,Retail,Self-Employed,2,3.586032057108003,29.428535917151528,0,India,Mumbai,Normal,0,+91,8664146630,+918664146630
CUST00000347,Mature,1,288477.36915458995,2,0,Retail,Student,2,0.562487411969749,53.31928207885957,1,Germany,Munich,Normal,0,+49,72431646834,+4972431646834
CUST00000348,New,3,111429.98495043007,0,0,Retail,Student,0,0.5007153921254742,51.625807354258754,1,Singapore,Singapore,Normal,0,+65,29344733,+6529344733
CUST00000349,Mid,1,207373.2291440033,3,0,Retail,Self-Employed,3,0.411949384236979,59.37902579749703,0,Germany,Munich,Normal,0,+49,66455594487,+4966455594487
CUST00000350,Mature,1,295341.07954213984,2,0,Retail,Salaried,2,1.0795854163298635,58.88285896438538,0,UAE,Abu Dhabi,Normal,0,+971,836784239,+971836784239
CUST00000351,Mid,1,293379.27179169504,7,0,Retail,Student,3,1.4494261809870272,52.902590242808834,0,Germany,Munich,Normal,0,+49,79482156402,+4979482156402
CUST00000352,Mature,2,321170.90630125906,0,0,Retail,Student,2,2.5253765510086033,62.85959259993364,0,Pakistan,Karachi,Watchlist,1,+92,4395405807,+924395405807
CUST00000353,Mature,1,938783.4765085314,0,1,Retail,Salaried,3,1.8333377677766562,49.47052979580395,1,UK,Manchester,Normal,0,+44,9728729424,+449728729424
CUST00000354,New,2,330440.1628032485,0,0,Retail,Self-Employed,2,1.8090060283170213,23.351857507920297,0,India,Mumbai,Normal,0,+91,9835224772,+919835224772
CUST00000355,New,1,176355.83597202678,0,0,Retail,Salaried,2,3.151676747523621,20.84297305001189,0,Germany,Berlin,Normal,0,+49,97299191865,+4997299191865
CUST00000356,Mature,1,523178.7440371493,0,0,Retail,Student,2,0.38928212549572855,47.407154102563645,1,Singapore,Singapore,Normal,0,+65,96707225,+6596707225
CUST00000357,New,1,640832.531227328,6,0,Retail,Unemployed,3,0.19837001193949824,21.929251675308358,1,UAE,Abu Dhabi,Normal,0,+971,533987200,+971533987200
CUST00000358,Mid,1,72776.83379029742,0,1,Retail,Salaried,2,1.9080062600915133,5.9722211784319965,0,Germany,Munich,Normal,0,+49,23532775890,+4923532775890
CUST00000359,Mature,1,376118.6995575166,0,0,Retail,Student,1,1.0331433049346217,71.27854456982972,0,Singapore,Singapore,Normal,0,+65,67503467,+6567503467
CUST00000360,Mid,1,412939.1266910224,3,0,Retail,Self-Employed,1,2.532546126831206,80.42283961785269,1,Iran,Isfahan,High-Risk,1,+98,2598372393,+982598372393
CUST00000361,Mid,2,168079.58172623414,1,0,Corporate,Unemployed,3,1.125317900518112,23.875453446191596,1,India,Mumbai,Normal,0,+91,7850484527,+917850484527
CUST00000362,Mature,1,757770.7149406662,3,0,Retail,Salaried,0,0.6252161538820903,31.476997393533924,0,Pakistan,Karachi,Watchlist,1,+92,3334987648,+923334987648
CUST00000363,Mid,1,191942.27824517948,0,0,Retail,Student,0,1.9308366346406218,25.737623914038494,1,USA,San Francisco,Normal,0,+1,2991370471,+12991370471
CUST00000364,Mid,1,245983.27089848518,1,0,Retail,Salaried,3,1.2566778683947342,47.76560424209206,0,India,Delhi,Normal,0,+91,7798674031,+917798674031
CUST00000365,Mature,1,188007.16600706737,0,0,Retail,Salaried,2,1.1262142233654648,23.367316322259633,1,Germany,Munich,Normal,0,+49,42893122675,+4942893122675
CUST00000366,Mid,1,222798.07407790283,0,0,Retail,Salaried,2,6.115006856967758,29.918142445772112,1,UK,Manchester,Normal,0,+44,5509704158,+445509704158
CUST00000367,Mature,1,81908.0390394809,6,0,Retail,Unemployed,0,2.9702488395054494,56.90059765051196,0,UAE,Abu Dhabi,Normal,0,+971,631257744,+971631257744
CUST00000368,Mature,1,60111.36509147545,0,0,Retail,Student,2,2.134518399628828,16.41892387494668,0,Germany,Munich,Normal,0,+49,32650355259,+4932650355259
CUST00000369,New,2,922695.500312941,1,0,Retail,Student,1,1.2916378254610916,40.18973179570754,1,Germany,Munich,Normal,0,+49,78813837922,+4978813837922
CUST00000370,New,3,102511.96336577517,1,0,Retail,Retired,2,1.1952005480137833,14.083935719469098,2,USA,New York,Normal,0,+1,2970912127,+12970912127
CUST00000371,New,1,90016.37574554807,0,0,Retail,Salaried,3,0.8685376073431493,19.01833787323855,0,Myanmar,Mandalay,High-Risk,1,+95,456995020,+95456995020
CUST00000372,New,1,31632.770322796445,5,0,Retail,Salaried,1,1.409246099382374,12.329738445378633,0,Singapore,Singapore,Normal,0,+65,59884388,+6559884388
CUST00000373,New,2,123615.89636205051,0,0,Retail,Salaried,5,0.7145918725371871,40.86964463302947,0,UAE,Dubai,Normal,0,+971,824291091,+971824291091
CUST00000374,Mature,1,66784.02511455033,2,0,Retail,Salaried,1,0.2960181197371655,39.462242049918814,0,Germany,Munich,Normal,0,+49,97266182121,+4997266182121
CUST00000375,New,1,963004.770080612,8,0,Retail,Salaried,2,1.1136150303181738,4.259114398643499,0,UK,Manchester,Normal,0,+44,8742476509,+448742476509
CUST00000376,Mid,1,545160.420791134,1,0,Retail,Salaried,2,1.5099870397130348,36.793964937853644,4,UAE,Abu Dhabi,Normal,0,+971,209776530,+971209776530
CUST00000377,Mature,2,118262.81698263809,7,0,Retail,Salaried,1,2.5372035549754095,12.151746635114694,1,Pakistan,Karachi,Watchlist,1,+92,8803264430,+928803264430
CUST00000378,New,2,1668094.015981778,0,0,Retail,Salaried,3,0.5039518991124436,78.29967989241943,0,Myanmar,Mandalay,High-Risk,1,+95,639717032,+95639717032
CUST00000379,Mature,1,531569.3448256071,1,0,Retail,Salaried,1,1.20378647443596,59.00352372311228,1,Germany,Berlin,Normal,0,+49,64437230601,+4964437230601
CUST00000380,Mid,1,164004.9279519258,0,0,Retail,Salaried,1,1.8216440959263283,53.5790457133684,0,Singapore,Singapore,Normal,0,+65,46025551,+6546025551
CUST00000381,New,1,23168.17518383415,3,0,Corporate,Unemployed,1,1.7883173928852893,59.48097536970901,2,Singapore,Singapore,Normal,0,+65,35946647,+6535946647
CUST00000382,Mature,2,1726917.0338092654,9,1,Retail,Self-Employed,1,3.899115069946617,34.24243359422604,1,Pakistan,Lahore,Watchlist,1,+92,3543634400,+923543634400
CUST00000383,Mature,1,62905.242129833416,0,0,Retail,Retired,4,0.885028023214614,57.63986307407022,0,Iran,Isfahan,High-Risk,1,+98,4211505454,+984211505454
CUST00000384,Mature,1,49968.15231348611,2,1,Retail,Salaried,0,0.4576853145625368,22.80782995080635,1,USA,New York,Normal,0,+1,8025063298,+18025063298
CUST00000385,Mature,2,551453.8254629377,0,0,Retail,Salaried,1,1.2755383340232378,38.2118751027891,1,Singapore,Singapore,Normal,0,+65,27049756,+6527049756
CUST00000386,Mature,1,1974404.053471332,1,0,Retail,Self-Employed,1,0.9299496604589731,17.977039471032512,0,USA,San Francisco,Normal,0,+1,4755547163,+14755547163
CUST00000387,Mid,2,763635.2530382696,1,0,Retail,Salaried,1,0.7800557506630381,86.61585535595485,1,Germany,Munich,Normal,0,+49,24236430595,+4924236430595
CUST00000388,New,1,364950.9383487293,8,0,Retail,Salaried,1,0.6791413890875051,6.735978894913884,0,India,Delhi,Normal,0,+91,9603895135,+919603895135
CUST00000389,Mature,1,375224.1679298201,2,0,Retail,Salaried,1,1.5151550136912764,17.87558997017051,1,UK,London,Normal,0,+44,5962532212,+445962532212
CUST00000390,Mature,1,473578.9917358867,0,0,Retail,Salaried,0,0.5854209445366,21.626481429580043,1,Myanmar,Mandalay,High-Risk,1,+95,690283270,+95690283270
CUST00000391,Mature,2,434971.4739560801,0,0,Retail,Salaried,3,2.133026743771125,77.49142577746404,0,India,Mumbai,Normal,0,+91,6064106025,+916064106025
CUST00000392,Mid,2,282963.2420874062,0,0,Corporate,Salaried,0,2.0533560914889,36.34797379529948,0,Iran,Tehran,High-Risk,1,+98,8560615749,+988560615749
CUST00000393,Mid,2,241296.31825907063,0,0,Retail,Self-Employed,3,1.6328007303653578,22.917979509368887,0,Singapore,Singapore,Normal,0,+65,47737442,+6547737442
CUST00000394,Mature,1,207661.82306199227,0,0,Retail,Salaried,1,0.38847077408958736,52.922267927109246,0,India,Bangalore,Normal,0,+91,8688009403,+918688009403
CUST00000395,Mid,2,111461.20476611097,5,0,Retail,Salaried,6,1.4575004936740934,75.79957915457412,0,Germany,Munich,Normal,0,+49,50113718810,+4950113718810
CUST00000396,Mature,1,170653.8356552799,1,0,Corporate,Student,1,2.6691955348406307,36.478327122363766,0,USA,New York,Normal,0,+1,3981720091,+13981720091
CUST00000397,Mature,1,47874.52799031215,1,0,Retail,Salaried,2,2.256121141344423,13.698488032310992,0,Singapore,Singapore,Normal,0,+65,85131023,+6585131023
CUST00000398,Mid,2,201087.28286305227,0,0,Retail,Salaried,1,2.012135246825762,16.542433134784236,0,Pakistan,Karachi,Watchlist,1,+92,3446978648,+923446978648
CUST00000399,Mature,1,90243.60397171091,5,0,Retail,Student,1,1.18772625641684,63.00187802998889,0,India,Mumbai,Normal,0,+91,9989753889,+919989753889
CUST00000400,Mature,1,81370.62499032525,3,0,Retail,Salaried,4,1.14068747001279,57.94520792961067,0,India,Mumbai,Normal,0,+91,9989225554,+919989225554
CUST00000401,New,1,258307.16972077388,0,0,Retail,Salaried,1,3.00704179298914,25.703144351326845,1,Myanmar,Yangon,High-Risk,1,+95,741632733,+95741632733
CUST00000402,Mature,1,768966.0180428445,3,0,Retail,Salaried,2,1.494819648072668,32.8179657520731,1,Germany,Munich,Normal,0,+49,90861574597,+4990861574597
CUST00000403,Mid,1,502065.03667011793,1,0,Retail,Salaried,3,1.5107777808646556,47.833048794946784,1,Myanmar,Yangon,High-Risk,1,+95,658885824,+95658885824
CUST00000404,Mature,1,53452.54108868558,0,0,Retail,Self-Employed,0,7.3902342802498735,56.17574159681921,1,Iran,Isfahan,High-Risk,1,+98,3735540697,+983735540697
CUST00000405,Mid,1,90159.41652000126,1,0,Retail,Student,1,0.8667233498469574,50.80122733231265,3,Pakistan,Lahore,Watchlist,1,+92,2963584741,+922963584741
CUST00000406,Mature,2,512314.54914856644,1,0,Retail,Salaried,1,0.05215942284486953,57.850371124560965,0,Myanmar,Mandalay,High-Risk,1,+95,516626008,+95516626008
CUST00000407,Mid,2,90740.7071030583,0,0,Retail,Self-Employed,1,0.9922601314455157,22.671599821494304,0,Iran,Tehran,High-Risk,1,+98,7455048320,+987455048320
CUST00000408,New,1,179481.99312080862,7,0,Retail,Self-Employed,3,1.0471695891792063,67.45833743815696,0,UAE,Abu Dhabi,Normal,0,+971,712365785,+971712365785
CUST00000409,Mature,1,360427.78229061933,4,0,Retail,Salaried,1,1.4760211095088958,78.44978763157438,1,Myanmar,Mandalay,High-Risk,1,+95,831883295,+95831883295
CUST00000410,New,1,91903.09545356627,2,1,Corporate,Self-Employed,2,1.774538786492072,46.00024847537645,0,Pakistan,Karachi,Watchlist,1,+92,7203012793,+927203012793
CUST00000411,Mid,1,241551.4941239366,1,0,Retail,Salaried,3,0.07378025446598639,39.9137077211073,0,Germany,Berlin,Normal,0,+49,59861233979,+4959861233979
CUST00000412,Mature,1,66129.95198334908,1,0,Retail,Salaried,1,1.8044702970638955,9.091440815352835,0,Germany,Munich,Normal,0,+49,79528978423,+4979528978423
CUST00000413,Mature,2,127869.9640223349,2,0,Retail,Salaried,2,1.1057641796633824,30.269396724929603,0,Singapore,Singapore,Normal,0,+65,74882653,+6574882653
CUST00000414,Mid,1,292963.6271074645,1,0,Corporate,Salaried,3,0.9052577164830446,63.20890012565415,1,Myanmar,Yangon,High-Risk,1,+95,949163151,+95949163151
CUST00000415,Mature,1,52381.33684683732,0,0,Retail,Salaried,1,0.1524915439130826,45.90368890819268,0,Pakistan,Lahore,Watchlist,1,+92,9916069405,+929916069405
CUST00000416,Mid,1,326579.0344702892,1,0,Retail,Student,2,3.4871037470132644,61.28455733848078,0,Pakistan,Lahore,Watchlist,1,+92,8086024310,+928086024310
CUST00000417,Mid,1,215847.18964748876,4,0,Retail,Salaried,3,0.7697369848007325,30.740518942915713,0,Myanmar,Yangon,High-Risk,1,+95,563877408,+95563877408
CUST00000418,Mid,3,361219.45419619046,1,0,Retail,Salaried,2,2.0337476257636196,66.16460346555083,0,UK,London,Normal,0,+44,3594972559,+443594972559
CUST00000419,Mature,2,268746.2005022958,0,0,Retail,Salaried,0,0.49592995716022625,29.059177388550854,1,UAE,Dubai,Normal,0,+971,463485937,+971463485937
CUST00000420,Mature,1,749923.4300068845,3,0,Retail,Self-Employed,3,1.531120489885206,66.34033670934606,1,USA,San Francisco,Normal,0,+1,9894157407,+19894157407
CUST00000421,Mature,2,245905.3666241361,0,0,Retail,Self-Employed,2,0.9190024355916973,53.147439671338915,0,Iran,Isfahan,High-Risk,1,+98,2079131192,+982079131192
CUST00000422,Mature,1,149273.43136266418,0,0,Corporate,Self-Employed,2,1.9843321599070318,34.36613679229906,3,Myanmar,Yangon,High-Risk,1,+95,773692921,+95773692921
CUST00000423,New,2,245258.43068758256,0,0,Retail,Self-Employed,0,0.8900568144529223,4.325194720089861,3,India,Delhi,Normal,0,+91,6550632718,+916550632718
CUST00000424,Mid,2,358243.5087272752,0,0,Retail,Student,1,0.47088481383646136,68.71093018202534,2,India,Delhi,Normal,0,+91,6772311354,+916772311354
CUST00000425,New,1,229572.47717089197,3,0,Retail,Salaried,0,1.1515042071534676,46.869179764110996,0,Iran,Tehran,High-Risk,1,+98,8090522600,+988090522600
CUST00000426,Mid,1,227870.44484764282,1,0,Retail,Self-Employed,1,1.100298688252833,36.55260197180738,1,Iran,Tehran,High-Risk,1,+98,7927093839,+987927093839
CUST00000427,Mid,1,116798.73057750467,0,0,Retail,Student,1,1.447116275187353,41.53990530759603,0,UK,London,Normal,0,+44,9626692180,+449626692180
CUST00000428,Mature,1,120981.04678921014,5,0,Retail,Unemployed,2,2.4754669483990077,10.117460702946444,0,Singapore,Singapore,Normal,0,+65,76311766,+6576311766
CUST00000429,Mid,2,62171.703985978646,5,0,Retail,Student,3,2.379121155923078,20.29940576245053,1,Myanmar,Yangon,High-Risk,1,+95,697114053,+95697114053
CUST00000430,New,1,1060890.3526657787,5,0,Retail,Salaried,3,0.2971568020720592,67.92140340946,0,Myanmar,Mandalay,High-Risk,1,+95,762760563,+95762760563
CUST00000431,New,1,71719.86806607306,0,1,Corporate,Salaried,2,1.9237809830819792,72.64277182734648,1,UK,Manchester,Normal,0,+44,7198607234,+447198607234
CUST00000432,Mature,2,117757.80827374694,1,0,Retail,Salaried,2,1.972248302719306,16.698984062457317,0,UAE,Abu Dhabi,Normal,0,+971,259519575,+971259519575
CUST00000433,Mature,3,115085.82818110115,9,0,Retail,Self-Employed,4,0.730269910024494,46.52848355620392,2,Singapore,Singapore,Normal,0,+65,53857762,+6553857762
CUST00000434,New,1,491605.54654564196,3,0,Corporate,Salaried,1,0.5240356771670964,42.70410841671284,0,Germany,Munich,Normal,0,+49,30499191627,+4930499191627
CUST00000435,New,1,168475.4447278787,0,0,Retail,Salaried,3,0.4944484736511539,57.765775589971,0,Germany,Berlin,Normal,0,+49,27542264558,+4927542264558
CUST00000436,Mature,1,675337.5138512017,0,0,Retail,Student,3,1.2503513261681494,30.210699734222974,0,Singapore,Singapore,Normal,0,+65,27945502,+6527945502
CUST00000437,New,1,119833.4856062928,1,0,Retail,Salaried,4,2.0749158300024506,57.90947105008293,0,Germany,Berlin,Normal,0,+49,55855083102,+4955855083102
CUST00000438,Mature,3,282404.2251310231,6,0,Retail,Student,2,1.0202593606235104,60.84096644345291,2,USA,San Francisco,Normal,0,+1,4406035069,+14406035069
CUST00000439,Mature,1,103589.12705220575,1,0,Retail,Salaried,4,0.0410895587283955,48.40976112043549,0,Pakistan,Lahore,Watchlist,1,+92,8623563988,+928623563988
CUST00000440,New,1,1514558.0148614952,1,0,Retail,Salaried,3,0.6831325213339486,63.57259108334943,0,Germany,Munich,Normal,0,+49,29511382510,+4929511382510
CUST00000441,New,1,75445.16823693109,0,0,Retail,Salaried,2,0.6589485921563515,23.65479792777822,0,Iran,Tehran,High-Risk,1,+98,9479919872,+989479919872
CUST00000442,Mature,1,290348.9165331607,2,0,Retail,Self-Employed,3,1.7648083478222616,62.033195097916845,0,Germany,Munich,Normal,0,+49,23729163541,+4923729163541
CUST00000443,Mid,2,388636.28796275455,4,0,Retail,Salaried,2,1.8393712870918408,14.77549434913647,2,Singapore,Singapore,Normal,0,+65,31891770,+6531891770
CUST00000444,Mid,2,318831.86941727484,0,0,Retail,Salaried,2,1.334973241851177,61.74484010197292,1,Singapore,Singapore,Normal,0,+65,23108201,+6523108201
CUST00000445,Mature,1,185951.4890297525,3,0,Retail,Retired,4,2.382551787116849,60.785405050289086,1,UK,London,Normal,0,+44,9465056377,+449465056377
CUST00000446,Mature,1,195469.83899002962,8,0,Corporate,Salaried,4,2.5208730597577658,47.55990095118664,0,India,Delhi,Normal,0,+91,8155651738,+918155651738
CUST00000447,Mature,1,228531.72610601084,0,0,Retail,Self-Employed,1,0.7245159078418879,33.25252282507833,1,UK,London,Normal,0,+44,9227183522,+449227183522
CUST00000448,Mature,3,192470.5046810971,1,0,Retail,Self-Employed,1,0.48251861379117794,27.81634924343594,1,Germany,Munich,Normal,0,+49,49178792691,+4949178792691
CUST00000449,Mid,2,523080.7899010792,0,0,Retail,Salaried,0,1.0866199832177845,54.04332690942471,0,UAE,Abu Dhabi,Normal,0,+971,554893437,+971554893437
CUST00000450,New,1,1606342.9624917915,3,0,Retail,Self-Employed,3,1.3326803667325944,10.401293251445798,0,Iran,Isfahan,High-Risk,1,+98,9720511272,+989720511272
CUST00000451,Mature,2,133020.34873294373,1,0,Corporate,Salaried,1,0.6886929748189068,24.39533451910244,0,India,Bangalore,Normal,0,+91,9699870667,+919699870667
CUST00000452,Mid,2,64034.502483194985,2,0,Retail,Self-Employed,6,8.644563260463626,55.06133168804273,1,UAE,Abu Dhabi,Normal,0,+971,994988755,+971994988755
CUST00000453,Mid,1,202915.7518743424,3,0,Retail,Salaried,1,3.3386742831142353,25.815904011409764,1,Pakistan,Karachi,Watchlist,1,+92,2533134443,+922533134443
CUST00000454,Mature,3,2239444.5042190324,0,0,Retail,Self-Employed,1,0.625461772828963,33.85953354093105,1,UK,London,Normal,0,+44,2972186818,+442972186818
CUST00000455,New,1,106584.44799344544,6,0,Retail,Salaried,3,0.37815887780552077,48.35611147323986,1,Germany,Munich,Normal,0,+49,38899392528,+4938899392528
CUST00000456,Mid,1,960496.0271006279,1,0,Retail,Self-Employed,3,0.5746040271002798,40.41236705553038,0,USA,San Francisco,Normal,0,+1,4175762790,+14175762790
CUST00000457,New,1,994435.7130159005,0,0,Corporate,Salaried,0,2.5553525974434264,15.921453373622207,0,UAE,Dubai,Normal,0,+971,297895418,+971297895418
CUST00000458,Mid,1,133488.49621866134,2,0,Retail,Salaried,2,2.602929155812969,32.7651734278286,0,India,Mumbai,Normal,0,+91,7788797221,+917788797221
CUST00000459,New,1,366621.3209318174,3,0,Retail,Salaried,1,3.368806072836415,44.010245693056284,0,Singapore,Singapore,Normal,0,+65,90311430,+6590311430
CUST00000460,New,2,951273.5652824779,0,0,Retail,Salaried,3,0.46693545464993214,63.91595891265658,1,India,Mumbai,Normal,0,+91,8834617194,+918834617194
CUST00000461,New,1,156183.21201444685,5,0,Retail,Student,1,1.7591277411611879,79.31273690343565,0,Myanmar,Mandalay,High-Risk,1,+95,611337597,+95611337597
CUST00000462,Mature,2,182915.15234325198,6,0,Retail,Salaried,3,0.5158389909120658,52.64447252408139,1,UAE,Dubai,Normal,0,+971,969318107,+971969318107
CUST00000463,Mature,1,130155.7614806306,0,0,Retail,Retired,5,3.9116391056431596,4.972244493651337,0,Myanmar,Yangon,High-Risk,1,+95,380615401,+95380615401
CUST00000464,Mid,1,88143.27921983585,9,0,Retail,Retired,0,0.48494257907373817,83.81457326871994,0,Germany,Berlin,Normal,0,+49,39950394116,+4939950394116
CUST00000465,Mature,1,122473.53066813336,0,0,Retail,Self-Employed,1,0.28308518829192686,52.89374233442782,1,Myanmar,Mandalay,High-Risk,1,+95,850289017,+95850289017
CUST00000466,Mid,1,73017.45198996815,0,0,Retail,Salaried,2,0.353369879768465,34.940199432159055,0,India,Mumbai,Normal,0,+91,8893360981,+918893360981
CUST00000467,Mid,2,226539.61775453232,0,0,Retail,Salaried,1,1.1560653320198477,36.867212559812856,0,UK,Manchester,Normal,0,+44,8065204934,+448065204934
CUST00000468,Mature,1,109866.80989970027,5,0,Retail,Self-Employed,5,2.0517294627063625,51.79863333656348,1,Singapore,Singapore,Normal,0,+65,20454184,+6520454184
CUST00000469,Mid,1,271144.5413560057,2,0,Retail,Salaried,1,1.9479037868805278,20.422292546027663,1,UK,Manchester,Normal,0,+44,4498244131,+444498244131
CUST00000470,Mature,1,54159.783947015094,0,0,Retail,Salaried,3,0.37161012217537104,18.937555287362606,0,UK,London,Normal,0,+44,6919895787,+446919895787
CUST00000471,New,2,295904.548196888,1,0,Retail,Self-Employed,2,0.8081506358833682,40.23735367991619,0,Singapore,Singapore,Normal,0,+65,64507158,+6564507158
CUST00000472,Mature,3,465178.3062859473,2,0,Retail,Student,2,0.7083347231215358,82.97073380988522,0,Iran,Isfahan,High-Risk,1,+98,6219485776,+986219485776
CUST00000473,New,2,36520.824885708054,0,0,Retail,Self-Employed,0,0.3116405594060193,51.52469871255237,0,UAE,Abu Dhabi,Normal,0,+971,619946616,+971619946616
CUST00000474,Mature,1,307629.3452859437,5,0,Retail,Salaried,2,0.6916454820315996,18.388557686676013,0,Germany,Berlin,Normal,0,+49,76730772242,+4976730772242
CUST00000475,Mid,1,663246.5651870237,4,0,Retail,Self-Employed,2,3.263395212249823,2.6703031690867114,0,USA,New York,Normal,0,+1,8470113818,+18470113818
CUST00000476,Mature,1,73963.2097618278,1,0,Retail,Salaried,4,0.2615392638227474,18.017756868586474,1,Singapore,Singapore,Normal,0,+65,89704831,+6589704831
CUST00000477,New,1,989856.3872002199,8,0,Retail,Salaried,0,1.4102211600398409,45.321072822976454,1,UK,Manchester,Normal,0,+44,7127215202,+447127215202
CUST00000478,Mid,1,320333.2401628344,1,0,Retail,Student,3,3.3191141702540885,28.909054101224747,0,Myanmar,Yangon,High-Risk,1,+95,728641846,+95728641846
CUST00000479,Mature,1,116481.68505693675,9,0,Retail,Salaried,3,3.194134759112726,62.424347414355765,0,Germany,Munich,Normal,0,+49,23805174217,+4923805174217
CUST00000480,Mid,1,208941.13281653012,2,1,Retail,Salaried,3,4.044283934709955,20.78240443851631,0,USA,New York,Normal,0,+1,8873111565,+18873111565
CUST00000481,Mature,1,363122.02771828935,2,0,Retail,Salaried,2,1.528399929601205,37.29172899318122,0,UAE,Dubai,Normal,0,+971,332346817,+971332346817
CUST00000482,Mature,2,235250.18698231323,0,0,Retail,Student,0,1.7196984641850233,72.51249095030744,0,Iran,Isfahan,High-Risk,1,+98,4893295986,+984893295986
CUST00000483,Mid,1,356782.05823282123,5,0,Corporate,Self-Employed,2,0.7046991429128145,20.749866143165168,2,UAE,Abu Dhabi,Normal,0,+971,529322838,+971529322838
CUST00000484,Mature,1,95931.89256567092,1,0,Retail,Self-Employed,2,0.2541786124019539,28.46449426107317,2,Iran,Isfahan,High-Risk,1,+98,5946401456,+985946401456
CUST00000485,Mid,2,255869.98967595448,0,0,Retail,Self-Employed,1,1.0186695761239097,33.52304958691414,1,Pakistan,Karachi,Watchlist,1,+92,3985112089,+923985112089
CUST00000486,Mature,1,61553.18967583881,0,0,Retail,Salaried,0,2.797089181683308,41.181599327207316,0,UAE,Dubai,Normal,0,+971,434602217,+971434602217
CUST00000487,New,2,198768.5864325977,1,0,Corporate,Salaried,0,0.7371927963236917,39.43083556797488,0,UAE,Dubai,Normal,0,+971,601058642,+971601058642
CUST00000488,Mid,1,97390.41953038213,1,0,Retail,Salaried,1,1.8575221088841734,8.90828490669984,0,Pakistan,Lahore,Watchlist,1,+92,5793845496,+925793845496
CUST00000489,Mature,1,113325.90386795737,3,0,Retail,Salaried,0,1.1700699041092102,18.629748763685864,0,UAE,Dubai,Normal,0,+971,801673592,+971801673592
CUST00000490,Mature,2,668294.2554450226,5,0,Retail,Salaried,2,3.0633071568605033,30.175876544178248,0,Myanmar,Yangon,High-Risk,1,+95,826721537,+95826721537
CUST00000491,Mid,2,586647.3246961747,0,1,Retail,Retired,1,2.5825134293969056,29.677293580333536,3,Pakistan,Karachi,Watchlist,1,+92,6131110318,+926131110318
CUST00000492,Mature,2,380113.17215248116,3,0,Retail,Salaried,3,0.21371177658715282,64.43120771594768,1,Singapore,Singapore,Normal,0,+65,26526083,+6526526083
CUST00000493,Mid,1,82200.65191026857,0,1,Retail,Salaried,1,1.2584426346858104,74.2244584025841,0,UAE,Dubai,Normal,0,+971,752392507,+971752392507
CUST00000494,New,1,165252.91463261688,5,0,Retail,Salaried,1,0.5436566066689412,64.05335293623446,0,UAE,Dubai,Normal,0,+971,985020421,+971985020421
CUST00000495,Mid,1,654605.4259574069,4,0,Retail,Salaried,6,0.5361608475747612,18.09962589685283,1,Iran,Tehran,High-Risk,1,+98,4872140370,+984872140370
CUST00000496,Mid,1,249582.6051830643,1,0,Corporate,Retired,3,0.2373380045969424,74.36867187710835,1,Myanmar,Yangon,High-Risk,1,+95,635680935,+95635680935
CUST00000497,Mid,3,1771605.1995692053,3,0,Retail,Salaried,1,1.445826821245629,47.37426127650422,0,Singapore,Singapore,Normal,0,+65,36679777,+6536679777
CUST00000498,New,1,313008.63451601274,0,0,Retail,Salaried,1,3.111128858910307,34.623367885957876,1,UK,Manchester,Normal,0,+44,9758254733,+449758254733
CUST00000499,Mature,3,261148.42552528143,1,0,Retail,Self-Employed,4,1.5565197078770059,35.520214874678025,0,Myanmar,Mandalay,High-Risk,1,+95,699453112,+95699453112
CUST00000500,Mature,1,166341.000836703,4,0,Retail,Salaried,3,0.21748660180968243,59.45250667826373,0,Iran,Tehran,High-Risk,1,+98,3074908737,+983074908737
